batch_id,batch_code,line,shift,fill_volume_ml,brix_sugar_deg,ph,viscosity_cp,salt_pct,lycopene_ppm,tomato_solids_pct,colour_a_star,fill_ratio,brix_ratio,ph_ratio,viscosity_ratio,salt_ratio,lycopene_ratio,tomato_solids_ratio,colour_ratio,quality_index,defect_type
1,B001,Line-1,A,392.1,32.35,3.736,5509.0,2.106,128.2,31.76,28.58,0.9902,0.9657,1.0097,1.0016,1.0029,1.0683,0.9624,1.0028,0.998,No defect
2,B001,Line-1,B,398.8,30.67,3.722,5503.0,2.122,117.8,30.59,30.04,1.0071,0.9155,1.0059,1.0005,1.0105,0.9817,0.927,1.054,0.9863,Brix out of range
3,B001,Line-1,C,394.1,33.52,3.645,6394.0,2.156,132.2,33.55,26.99,0.9952,1.0006,0.9851,1.1625,1.0267,1.1017,1.0167,0.947,1.0332,No defect
4,B001,Line-2,A,401.9,33.74,3.641,5231.0,2.111,130.1,34.09,30.58,1.0149,1.0072,0.9841,0.9511,1.0052,1.0842,1.033,1.073,1.0231,No defect
5,B001,Line-2,B,389.3,34.14,3.764,5751.0,2.214,112.5,34.5,30.97,0.9831,1.0191,1.0173,1.0456,1.0543,0.9375,1.0455,1.0867,1.0193,No defect
6,B001,Line-2,C,395.3,33.61,3.467,5401.0,2.007,125.6,30.25,31.43,0.9982,1.0033,0.937,0.982,0.9557,1.0467,0.9167,1.1028,1.0091,Colour deviation
7,B001,Line-3,A,393.7,33.65,3.637,4890.0,2.088,131.1,34.44,27.26,0.9942,1.0045,0.983,0.8891,0.9943,1.0925,1.0436,0.9565,0.999,Underfill
8,B001,Line-3,B,405.1,37.35,3.917,5446.0,2.162,114.1,35.64,28.01,1.023,1.1149,1.0586,0.9902,1.0295,0.9508,1.08,0.9828,1.0145,Colour deviation
9,B001,Line-3,C,391.4,34.43,3.913,6186.0,2.027,118.5,32.09,28.78,0.9884,1.0278,1.0576,1.1247,0.9652,0.9875,0.9724,1.0098,1.0027,pH out of range
10,B001,Line-1,A,390.2,35.52,3.755,6037.0,2.212,151.8,30.83,31.92,0.9854,1.0603,1.0149,1.0976,1.0533,1.265,0.9342,1.12,1.0626,No defect
11,B001,Line-1,B,394.5,34.35,3.69,4741.0,2.247,126.6,35.22,31.63,0.9962,1.0254,0.9973,0.862,1.07,1.055,1.0673,1.1098,1.0236,No defect
12,B001,Line-1,C,392.3,33.65,3.472,5875.0,1.979,118.5,33.97,28.58,0.9907,1.0045,0.9384,1.0682,0.9424,0.9875,1.0294,1.0028,1.0114,Cap seal failure
13,B001,Line-2,A,400.5,33.23,3.709,5639.0,2.111,111.1,29.57,30.52,1.0114,0.9919,1.0024,1.0253,1.0052,0.9258,0.8961,1.0709,0.9905,Underfill
14,B001,Line-2,B,392.8,33.85,3.705,6286.0,2.12,116.2,30.43,33.23,0.9919,1.0104,1.0014,1.1429,1.0095,0.9683,0.9221,1.166,1.0262,Cap seal failure
15,B001,Line-2,C,400.7,32.22,3.561,5444.0,2.252,95.4,30.32,30.42,1.0119,0.9618,0.9624,0.9898,1.0724,0.795,0.9188,1.0674,0.982,Foreign particle
16,B001,Line-3,A,391.1,33.83,3.767,5928.0,2.329,120.0,32.9,28.05,0.9876,1.0099,1.0181,1.0778,1.109,1.0,0.997,0.9842,1.0185,Colour deviation
17,B001,Line-3,B,385.2,33.37,3.487,4535.0,2.132,135.8,29.75,29.17,0.9727,0.9961,0.9424,0.8245,1.0152,1.1317,0.9015,1.0235,0.9908,No defect
18,B001,Line-3,C,394.0,31.86,3.516,4648.0,1.817,128.4,32.95,28.67,0.9949,0.951,0.9503,0.8451,0.8652,1.07,0.9985,1.006,0.9729,Underfill
19,B001,Line-1,A,404.8,34.8,3.861,5192.0,2.022,114.6,32.68,30.78,1.0222,1.0388,1.0435,0.944,0.9629,0.955,0.9903,1.08,0.9939,Underfill
20,B001,Line-1,B,399.4,34.32,3.827,5109.0,2.172,120.8,29.36,27.29,1.0086,1.0245,1.0343,0.9289,1.0343,1.0067,0.8897,0.9575,0.9771,Underfill
21,B001,Line-1,C,393.1,32.53,3.739,5211.0,1.898,102.6,34.12,24.23,0.9927,0.971,1.0105,0.9475,0.9038,0.855,1.0339,0.8502,0.943,Underfill
22,B001,Line-2,A,395.0,34.1,3.714,5450.0,1.988,123.1,35.8,30.31,0.9975,1.0179,1.0038,0.9909,0.9467,1.0258,1.0848,1.0635,1.0154,Foreign particle
23,B001,Line-2,B,392.3,36.23,3.722,5652.0,1.807,122.0,33.59,30.09,0.9907,1.0815,1.0059,1.0276,0.8605,1.0167,1.0179,1.0558,1.0056,No defect
24,B001,Line-2,C,393.9,34.78,3.728,5997.0,2.332,106.4,37.89,27.52,0.9947,1.0382,1.0076,1.0904,1.1105,0.8867,1.1482,0.9656,1.0283,Colour deviation
25,B001,Line-3,A,397.9,34.76,3.928,5502.0,2.191,114.9,33.11,30.71,1.0048,1.0376,1.0616,1.0004,1.0433,0.9575,1.0033,1.0775,1.0083,No defect
26,B001,Line-3,B,396.1,33.31,3.621,5361.0,2.081,119.7,34.56,30.02,1.0003,0.9943,0.9786,0.9747,0.991,0.9975,1.0473,1.0533,1.01,Colour deviation
27,B001,Line-3,C,389.6,33.96,3.7,5760.0,2.146,151.3,34.41,30.01,0.9838,1.0137,1.0,1.0473,1.0219,1.2608,1.0427,1.053,1.0529,pH out of range
28,B001,Line-1,A,392.8,34.61,3.966,5131.0,2.014,108.5,32.05,31.93,0.9919,1.0331,1.0719,0.9329,0.959,0.9042,0.9712,1.1204,0.9807,Colour deviation
29,B001,Line-1,B,393.4,33.7,3.567,6100.0,2.093,132.8,31.69,28.79,0.9934,1.006,0.9641,1.1091,0.9967,1.1067,0.9603,1.0102,1.0275,Viscosity out of spec
30,B001,Line-1,C,401.8,32.98,3.423,5112.0,2.361,123.0,35.61,28.74,1.0146,0.9845,0.9251,0.9295,1.1243,1.025,1.0791,1.0084,1.0308,No defect
31,B001,Line-2,A,395.8,34.52,3.607,6114.0,1.972,130.8,35.86,27.49,0.9995,1.0304,0.9749,1.1116,0.939,1.09,1.0867,0.9646,1.0309,No defect
32,B001,Line-2,B,401.8,33.24,3.856,5133.0,1.872,116.2,32.2,25.36,1.0146,0.9922,1.0422,0.9333,0.8914,0.9683,0.9758,0.8898,0.9531,pH out of range
33,B001,Line-2,C,400.6,31.47,3.674,5921.0,2.09,110.2,35.77,27.92,1.0116,0.9394,0.993,1.0765,0.9952,0.9183,1.0839,0.9796,1.0014,No defect
34,B001,Line-3,A,401.1,31.61,3.554,5765.0,2.295,132.4,34.47,29.73,1.0129,0.9436,0.9605,1.0482,1.0929,1.1033,1.0445,1.0432,1.0412,Viscosity out of spec
35,B001,Line-3,B,389.8,33.75,3.492,5072.0,1.91,112.3,31.51,27.15,0.9843,1.0075,0.9438,0.9222,0.9095,0.9358,0.9548,0.9526,0.9658,No defect
36,B001,Line-3,C,390.7,35.84,3.583,5853.0,1.895,90.7,31.82,26.28,0.9866,1.0699,0.9684,1.0642,0.9024,0.7558,0.9642,0.9221,0.9622,No defect
37,B001,Line-1,A,404.1,33.94,3.701,6369.0,2.242,128.4,34.36,30.39,1.0205,1.0131,1.0003,1.158,1.0676,1.07,1.0412,1.0663,1.0546,Overfill
38,B001,Line-1,B,389.5,34.74,3.798,5534.0,2.018,114.6,30.2,29.41,0.9836,1.037,1.0265,1.0062,0.961,0.955,0.9152,1.0319,0.983,Viscosity out of spec
39,B001,Line-1,C,396.0,32.05,3.585,6311.0,2.071,119.8,33.19,30.61,1.0,0.9567,0.9689,1.1475,0.9862,0.9983,1.0058,1.074,1.0251,No defect
40,B001,Line-2,A,400.1,35.02,3.822,5397.0,2.07,95.7,30.41,29.62,1.0104,1.0454,1.033,0.9813,0.9857,0.7975,0.9215,1.0393,0.9686,Label misalignment
41,B001,Line-2,B,397.6,32.54,3.881,5371.0,2.092,105.2,32.4,31.02,1.004,0.9713,1.0489,0.9765,0.9962,0.8767,0.9818,1.0884,0.981,No defect
42,B001,Line-2,C,394.3,33.16,3.706,5917.0,1.88,104.5,29.27,26.42,0.9957,0.9899,1.0016,1.0758,0.8952,0.8708,0.887,0.927,0.955,No defect
43,B001,Line-3,A,395.4,32.21,3.767,5515.0,2.146,108.1,34.52,27.46,0.9985,0.9615,1.0181,1.0027,1.0219,0.9008,1.0461,0.9635,0.9847,No defect
44,B001,Line-3,B,399.3,32.25,3.519,5356.0,2.219,136.9,28.24,26.29,1.0083,0.9627,0.9511,0.9738,1.0567,1.1408,0.8558,0.9225,0.9965,Colour deviation
45,B001,Line-3,C,395.8,32.44,3.61,5467.0,2.001,129.1,33.42,29.33,0.9995,0.9684,0.9757,0.994,0.9529,1.0758,1.0127,1.0291,1.0072,pH out of range
46,B001,Line-1,A,397.9,31.64,3.651,4601.0,2.147,116.1,31.8,29.36,1.0048,0.9445,0.9868,0.8365,1.0224,0.9675,0.9636,1.0302,0.9729,Foreign particle
47,B001,Line-1,B,401.0,33.57,3.632,5038.0,2.28,117.5,33.64,30.98,1.0126,1.0021,0.9816,0.916,1.0857,0.9792,1.0194,1.087,1.0151,Underfill
48,B001,Line-1,C,396.3,31.86,3.683,6129.0,1.916,113.4,33.47,23.69,1.0008,0.951,0.9954,1.1144,0.9124,0.945,1.0142,0.8312,0.9717,Underfill
49,B001,Line-2,A,393.8,34.2,3.646,5409.0,1.929,122.3,30.8,30.62,0.9944,1.0209,0.9854,0.9835,0.9186,1.0192,0.9333,1.0744,0.9949,Viscosity out of spec
50,B001,Line-2,B,392.0,35.1,3.876,5123.0,1.835,113.2,33.37,25.19,0.9899,1.0478,1.0476,0.9315,0.8738,0.9433,1.0112,0.8839,0.9545,Label misalignment
51,B002,Line-2,C,396.2,33.84,3.932,5432.0,2.321,113.6,33.23,29.57,1.0005,1.0101,1.0627,0.9876,1.1052,0.9467,1.007,1.0375,1.0044,No defect
52,B002,Line-3,A,397.6,33.65,3.732,6202.0,1.917,108.9,33.3,26.64,1.004,1.0045,1.0086,1.1276,0.9129,0.9075,1.0091,0.9347,0.9865,Cap seal failure
53,B002,Line-3,B,394.2,32.14,3.974,5044.0,2.092,115.7,32.75,30.39,0.9955,0.9594,1.0741,0.9171,0.9962,0.9642,0.9924,1.0663,0.9778,Colour deviation
54,B002,Line-3,C,394.9,34.44,3.643,5253.0,2.422,129.2,33.49,27.41,0.9972,1.0281,0.9846,0.9551,1.1533,1.0767,1.0148,0.9618,1.0253,Colour deviation
55,B002,Line-1,A,394.3,37.58,3.657,5502.0,2.078,139.8,31.0,30.06,0.9957,1.1218,0.9884,1.0004,0.9895,1.165,0.9394,1.0547,1.0348,No defect
56,B002,Line-1,B,409.3,35.22,3.791,5784.0,2.086,109.4,38.41,24.17,1.0336,1.0513,1.0246,1.0516,0.9933,0.9117,1.1639,0.8481,1.0037,Overfill
57,B002,Line-1,C,396.9,34.16,3.689,5511.0,2.02,103.2,34.6,27.17,1.0023,1.0197,0.997,1.002,0.9619,0.86,1.0485,0.9533,0.9813,Colour deviation
58,B002,Line-2,A,389.4,34.17,3.656,5767.0,2.223,94.4,35.44,32.78,0.9833,1.02,0.9881,1.0485,1.0586,0.7867,1.0739,1.1502,1.0167,No defect
59,B002,Line-2,B,396.0,31.68,3.611,5311.0,2.259,133.1,34.4,26.93,1.0,0.9457,0.9759,0.9656,1.0757,1.1092,1.0424,0.9449,1.0135,Brix out of range
60,B002,Line-2,C,391.4,32.14,3.711,5469.0,2.016,112.2,32.36,26.14,0.9884,0.9594,1.003,0.9944,0.96,0.935,0.9806,0.9172,0.9665,No defect
61,B002,Line-3,A,390.9,31.29,3.801,5261.0,2.224,116.8,32.92,28.95,0.9871,0.934,1.0273,0.9565,1.059,0.9733,0.9976,1.0158,0.9871,pH out of range
62,B002,Line-3,B,396.0,32.81,3.852,4924.0,1.977,117.9,32.04,29.53,1.0,0.9794,1.0411,0.8953,0.9414,0.9825,0.9709,1.0361,0.9708,Label misalignment
63,B002,Line-3,C,393.0,34.32,3.658,6546.0,2.287,104.4,35.53,28.3,0.9924,1.0245,0.9886,1.1902,1.089,0.87,1.0767,0.993,1.0309,Brix out of range
64,B002,Line-1,A,397.5,32.69,3.706,6243.0,2.033,125.5,31.51,30.12,1.0038,0.9758,1.0016,1.1351,0.9681,1.0458,0.9548,1.0568,1.0173,No defect
65,B002,Line-1,B,401.2,33.41,3.679,6093.0,2.298,135.1,37.01,30.48,1.0131,0.9973,0.9943,1.1078,1.0943,1.1258,1.1215,1.0695,1.0669,No defect
66,B002,Line-1,C,395.6,33.33,3.841,5160.0,1.99,95.7,32.09,31.33,0.999,0.9949,1.0381,0.9382,0.9476,0.7975,0.9724,1.0993,0.964,Foreign particle
67,B002,Line-2,A,396.4,32.83,3.788,6073.0,2.065,125.6,34.36,29.45,1.001,0.98,1.0238,1.1042,0.9833,1.0467,1.0412,1.0333,1.0208,Colour deviation
68,B002,Line-2,B,400.9,33.06,3.554,5249.0,2.052,103.5,35.98,26.46,1.0124,0.9869,0.9605,0.9544,0.9771,0.8625,1.0903,0.9284,0.9816,Colour deviation
69,B002,Line-2,C,404.3,31.64,3.75,5497.0,2.094,116.3,39.36,25.81,1.021,0.9445,1.0135,0.9995,0.9971,0.9692,1.1927,0.9056,1.002,pH out of range
70,B002,Line-3,A,397.8,33.6,3.535,5185.0,2.039,122.7,35.84,25.78,1.0045,1.003,0.9554,0.9427,0.971,1.0225,1.0861,0.9046,0.9976,Colour deviation
71,B002,Line-3,B,412.6,31.71,3.854,5747.0,2.126,130.2,32.43,27.9,1.0419,0.9466,1.0416,1.0449,1.0124,1.085,0.9827,0.9789,1.0066,Colour deviation
72,B002,Line-3,C,398.6,37.0,3.827,5650.0,2.107,132.2,29.38,27.1,1.0066,1.1045,1.0343,1.0273,1.0033,1.1017,0.8903,0.9509,1.0064,pH out of range
73,B002,Line-1,A,396.4,32.45,3.917,5705.0,1.935,133.1,31.45,34.89,1.001,0.9687,1.0586,1.0373,0.9214,1.1092,0.953,1.2242,1.0199,Foreign particle
74,B002,Line-1,B,394.8,32.82,3.577,5449.0,2.165,142.2,32.75,25.43,0.997,0.9797,0.9668,0.9907,1.031,1.185,0.9924,0.8923,1.0128,No defect
75,B002,Line-1,C,398.9,32.3,3.801,4945.0,2.15,129.3,30.21,26.95,1.0073,0.9642,1.0273,0.8991,1.0238,1.0775,0.9155,0.9456,0.9758,No defect
76,B002,Line-2,A,401.5,30.58,3.553,6057.0,1.865,143.5,31.71,25.3,1.0139,0.9128,0.9603,1.1013,0.8881,1.1958,0.9609,0.8877,1.0002,No defect
77,B002,Line-2,B,401.8,32.85,3.545,5418.0,2.032,95.8,29.58,30.39,1.0146,0.9806,0.9581,0.9851,0.9676,0.7983,0.8964,1.0663,0.9691,No defect
78,B002,Line-2,C,399.0,33.95,3.715,5708.0,2.202,143.5,30.76,30.95,1.0076,1.0134,1.0041,1.0378,1.0486,1.1958,0.9321,1.086,1.0397,Colour deviation
79,B002,Line-3,A,396.1,34.44,3.605,4998.0,2.258,114.5,33.28,29.45,1.0003,1.0281,0.9743,0.9087,1.0752,0.9542,1.0085,1.0333,1.0043,Label misalignment
80,B002,Line-3,B,386.8,33.97,3.602,5223.0,2.254,123.5,33.75,26.39,0.9768,1.014,0.9735,0.9496,1.0733,1.0292,1.0227,0.926,1.0024,Underfill
81,B002,Line-3,C,401.0,32.82,3.52,5374.0,2.219,107.8,31.89,26.87,1.0126,0.9797,0.9514,0.9771,1.0567,0.8983,0.9664,0.9428,0.9856,No defect
82,B002,Line-1,A,398.8,35.89,3.798,5400.0,2.138,123.1,35.01,28.99,1.0071,1.0713,1.0265,0.9818,1.0181,1.0258,1.0609,1.0172,1.0195,No defect
83,B002,Line-1,B,401.4,32.9,3.833,5807.0,2.389,101.8,33.96,27.79,1.0136,0.9821,1.0359,1.0558,1.1376,0.8483,1.0291,0.9751,1.0009,No defect
84,B002,Line-1,C,398.7,33.96,3.929,5606.0,2.082,148.0,29.5,29.7,1.0068,1.0137,1.0619,1.0193,0.9914,1.2333,0.8939,1.0421,1.0178,Colour deviation
85,B002,Line-2,A,394.6,34.43,3.803,5140.0,2.289,124.3,32.3,28.09,0.9965,1.0278,1.0278,0.9345,1.09,1.0358,0.9788,0.9856,1.0027,Foreign particle
86,B002,Line-2,B,399.6,31.45,3.738,5512.0,1.936,102.2,28.41,29.12,1.0091,0.9388,1.0103,1.0022,0.9219,0.8517,0.8609,1.0218,0.9495,No defect
87,B002,Line-2,C,400.6,32.33,3.378,5945.0,2.065,124.3,34.01,27.73,1.0116,0.9651,0.913,1.0809,0.9833,1.0358,1.0306,0.973,1.0219,Foreign particle
88,B002,Line-3,A,383.9,33.9,3.751,5643.0,1.712,109.4,32.86,29.04,0.9694,1.0119,1.0138,1.026,0.8152,0.9117,0.9958,1.0189,0.9669,Cap seal failure
89,B002,Line-3,B,392.8,34.0,3.535,4785.0,2.089,128.7,32.96,27.21,0.9919,1.0149,0.9554,0.87,0.9948,1.0725,0.9988,0.9547,0.993,No defect
90,B002,Line-3,C,391.0,32.92,3.777,5861.0,2.281,114.1,31.52,30.09,0.9874,0.9827,1.0208,1.0656,1.0862,0.9508,0.9552,1.0558,1.0079,Cap seal failure
91,B002,Line-1,A,395.0,33.74,3.536,5231.0,1.831,131.7,31.27,26.52,0.9975,1.0072,0.9557,0.9511,0.8719,1.0975,0.9476,0.9305,0.9812,No defect
92,B002,Line-1,B,390.0,32.62,3.8,5652.0,2.364,105.6,35.34,28.12,0.9848,0.9737,1.027,1.0276,1.1257,0.88,1.0709,0.9867,1.0029,Underfill
93,B002,Line-1,C,391.2,32.46,3.757,5498.0,2.405,114.8,34.88,28.79,0.9879,0.969,1.0154,0.9996,1.1452,0.9567,1.057,1.0102,1.0138,No defect
94,B002,Line-2,A,387.5,35.27,3.689,5765.0,2.107,118.9,33.35,29.27,0.9785,1.0528,0.997,1.0482,1.0033,0.9908,1.0106,1.027,1.0143,No defect
95,B002,Line-2,B,388.4,32.4,3.557,5612.0,2.127,123.5,33.61,27.53,0.9808,0.9672,0.9614,1.0204,1.0129,1.0292,1.0185,0.966,1.0044,Viscosity out of spec
96,B002,Line-2,C,406.8,32.28,3.8,5620.0,1.687,95.3,32.13,26.11,1.0273,0.9636,1.027,1.0218,0.8033,0.7942,0.9736,0.9161,0.9342,No defect
97,B002,Line-3,A,396.7,34.65,3.792,5556.0,2.163,96.5,33.01,28.18,1.0018,1.0343,1.0249,1.0102,1.03,0.8042,1.0003,0.9888,0.9807,No defect
98,B002,Line-3,B,393.4,34.21,3.617,5652.0,2.189,111.0,34.56,27.8,0.9934,1.0212,0.9776,1.0276,1.0424,0.925,1.0473,0.9754,1.0069,No defect
99,B002,Line-3,C,400.7,33.75,3.67,6052.0,1.936,122.4,35.73,29.88,1.0119,1.0075,0.9919,1.1004,0.9219,1.02,1.0827,1.0484,1.0251,Overfill
100,B002,Line-1,A,402.0,32.76,3.553,5479.0,2.128,131.7,28.94,31.33,1.0152,0.9779,0.9603,0.9962,1.0133,1.0975,0.877,1.0993,1.0147,Underfill
101,B003,Line-1,B,394.9,31.7,3.603,5664.0,2.34,122.8,32.19,25.98,0.9972,0.9463,0.9738,1.0298,1.1143,1.0233,0.9755,0.9116,1.0031,Colour deviation
102,B003,Line-1,C,390.5,33.05,3.715,5129.0,2.266,114.9,30.01,29.48,0.9861,0.9866,1.0041,0.9325,1.079,0.9575,0.9094,1.0344,0.9852,Colour deviation
103,B003,Line-2,A,398.5,33.42,3.677,5109.0,2.083,130.8,33.4,26.59,1.0063,0.9976,0.9938,0.9289,0.9919,1.09,1.0121,0.933,0.9958,No defect
104,B003,Line-2,B,393.0,34.39,3.581,6158.0,2.138,121.0,36.33,28.04,0.9924,1.0266,0.9678,1.1196,1.0181,1.0083,1.1009,0.9839,1.0354,Viscosity out of spec
105,B003,Line-2,C,402.5,33.74,3.811,6131.0,1.964,107.0,30.55,29.36,1.0164,1.0072,1.03,1.1147,0.9352,0.8917,0.9258,1.0302,0.9865,No defect
106,B003,Line-3,A,403.5,32.65,3.683,5370.0,2.327,102.9,36.34,26.15,1.0189,0.9746,0.9954,0.9764,1.1081,0.8575,1.1012,0.9175,0.9949,Brix out of range
107,B003,Line-3,B,402.5,32.35,3.494,3703.0,2.155,153.8,31.34,28.45,1.0164,0.9657,0.9443,0.6733,1.0262,1.2817,0.9497,0.9982,0.9963,Viscosity out of spec
108,B003,Line-3,C,391.0,31.87,3.69,5748.0,2.103,108.9,33.37,28.17,0.9874,0.9513,0.9973,1.0451,1.0014,0.9075,1.0112,0.9884,0.9869,Label misalignment
109,B003,Line-1,A,394.0,37.3,3.629,5356.0,1.951,124.2,31.04,28.95,0.9949,1.1134,0.9808,0.9738,0.929,1.035,0.9406,1.0158,1.0028,No defect
110,B003,Line-1,B,397.3,35.54,3.747,5897.0,1.945,118.1,27.21,28.37,1.0033,1.0609,1.0127,1.0722,0.9262,0.9842,0.8245,0.9954,0.9818,Underfill
111,B003,Line-1,C,396.3,35.63,3.652,4651.0,2.139,117.0,35.06,28.95,1.0008,1.0636,0.987,0.8456,1.0186,0.975,1.0624,1.0158,0.9994,Underfill
112,B003,Line-2,A,394.8,33.46,3.671,6227.0,1.947,106.6,35.83,26.86,0.997,0.9988,0.9922,1.1322,0.9271,0.8883,1.0858,0.9425,0.9974,Colour deviation
113,B003,Line-2,B,400.0,33.29,3.624,4562.0,1.857,121.8,32.82,26.3,1.0101,0.9937,0.9795,0.8295,0.8843,1.015,0.9945,0.9228,0.9589,Brix out of range
114,B003,Line-2,C,398.8,32.93,3.793,5202.0,1.989,109.7,33.63,26.7,1.0071,0.983,1.0251,0.9458,0.9471,0.9142,1.0191,0.9368,0.9661,No defect
115,B003,Line-3,A,396.2,33.19,3.766,6157.0,2.124,125.7,34.64,28.93,1.0005,0.9907,1.0178,1.1195,1.0114,1.0475,1.0497,1.0151,1.0271,Colour deviation
116,B003,Line-3,B,393.7,31.69,3.889,5044.0,1.842,120.4,34.78,30.63,0.9942,0.946,1.0511,0.9171,0.8771,1.0033,1.0539,1.0747,0.9772,Colour deviation
117,B003,Line-3,C,393.7,31.99,3.776,6452.0,1.954,138.6,34.44,29.0,0.9942,0.9549,1.0205,1.1731,0.9305,1.155,1.0436,1.0175,1.0311,Cap seal failure
118,B003,Line-1,A,394.2,34.7,3.612,5529.0,2.11,124.9,29.7,27.28,0.9955,1.0358,0.9762,1.0053,1.0048,1.0408,0.9,0.9572,0.9955,Colour deviation
119,B003,Line-1,B,402.6,33.51,3.745,5331.0,2.288,122.7,34.37,27.0,1.0167,1.0003,1.0122,0.9693,1.0895,1.0225,1.0415,0.9474,1.0094,Colour deviation
120,B003,Line-1,C,384.9,33.81,3.453,6124.0,2.019,116.5,32.59,29.97,0.972,1.0093,0.9332,1.1135,0.9614,0.9708,0.9876,1.0516,1.0172,Underfill
121,B003,Line-2,A,387.8,33.57,3.653,5230.0,2.196,131.4,31.07,31.82,0.9793,1.0021,0.9873,0.9509,1.0457,1.095,0.9415,1.1165,1.018,Underfill
122,B003,Line-2,B,398.8,32.8,3.732,5667.0,1.861,137.5,33.32,27.49,1.0071,0.9791,1.0086,1.0304,0.8862,1.1458,1.0097,0.9646,1.0018,No defect
123,B003,Line-2,C,397.9,34.01,3.798,5405.0,2.041,116.9,30.63,30.02,1.0048,1.0152,1.0265,0.9827,0.9719,0.9742,0.9282,1.0533,0.9881,Viscosity out of spec
124,B003,Line-3,A,401.6,33.74,3.726,4665.0,2.092,131.4,34.23,29.44,1.0141,1.0072,1.007,0.8482,0.9962,1.095,1.0373,1.033,1.003,Underfill
125,B003,Line-3,B,393.6,33.38,3.679,5448.0,2.113,131.4,31.35,31.38,0.9939,0.9964,0.9943,0.9905,1.0062,1.095,0.95,1.1011,1.0174,Viscosity out of spec
126,B003,Line-3,C,389.4,33.7,3.521,6170.0,2.041,134.4,34.83,28.96,0.9833,1.006,0.9516,1.1218,0.9719,1.12,1.0555,1.0161,1.0407,No defect
127,B003,Line-1,A,402.8,34.27,3.739,5665.0,2.191,93.3,30.42,25.91,1.0172,1.023,1.0105,1.03,1.0433,0.7775,0.9218,0.9091,0.9639,Label misalignment
128,B003,Line-1,B,396.4,31.99,3.707,5308.0,1.941,116.4,31.98,29.17,1.001,0.9549,1.0019,0.9651,0.9243,0.97,0.9691,1.0235,0.9758,Viscosity out of spec
129,B003,Line-1,C,401.2,33.68,3.858,5163.0,2.053,122.0,34.48,28.56,1.0131,1.0054,1.0427,0.9387,0.9776,1.0167,1.0448,1.0021,0.9947,Underfill
130,B003,Line-2,A,397.5,33.0,3.497,5021.0,2.114,125.2,34.56,30.88,1.0038,0.9851,0.9451,0.9129,1.0067,1.0433,1.0473,1.0835,1.0176,No defect
131,B003,Line-2,B,391.3,34.1,3.784,5113.0,2.211,125.8,36.14,27.32,0.9881,1.0179,1.0227,0.9296,1.0529,1.0483,1.0952,0.9586,1.0086,Brix out of range
132,B003,Line-2,C,397.8,33.99,3.659,5381.0,2.297,106.2,31.43,25.98,1.0045,1.0146,0.9889,0.9784,1.0938,0.885,0.9524,0.9116,0.9814,Colour deviation
133,B003,Line-3,A,396.9,35.18,3.615,5564.0,1.979,121.3,35.63,26.72,1.0023,1.0501,0.977,1.0116,0.9424,1.0108,1.0797,0.9375,1.0072,No defect
134,B003,Line-3,B,394.9,33.46,3.671,6047.0,2.345,129.5,33.82,27.42,0.9972,0.9988,0.9922,1.0995,1.1167,1.0792,1.0248,0.9621,1.0358,Underfill
135,B003,Line-3,C,397.4,34.01,3.726,5075.0,2.082,122.0,34.34,29.3,1.0035,1.0152,1.007,0.9227,0.9914,1.0167,1.0406,1.0281,1.0014,Colour deviation
136,B003,Line-1,A,409.4,35.45,3.633,5441.0,2.201,135.9,33.57,26.21,1.0338,1.0582,0.9819,0.9893,1.0481,1.1325,1.0173,0.9196,1.0272,Underfill
137,B003,Line-1,B,381.9,34.28,3.911,5947.0,2.135,140.6,34.58,28.97,0.9644,1.0233,1.057,1.0813,1.0167,1.1717,1.0479,1.0165,1.0335,Cap seal failure
138,B003,Line-1,C,398.6,33.48,3.629,5028.0,1.858,142.8,34.73,28.06,1.0066,0.9994,0.9808,0.9142,0.8848,1.19,1.0524,0.9846,1.0064,Colour deviation
139,B003,Line-2,A,401.3,34.83,3.757,5569.0,2.125,130.4,31.18,29.4,1.0134,1.0397,1.0154,1.0125,1.0119,1.0867,0.9448,1.0316,1.0157,Underfill
140,B003,Line-2,B,386.6,33.41,3.717,5594.0,1.911,111.3,34.03,26.05,0.9763,0.9973,1.0046,1.0171,0.91,0.9275,1.0312,0.914,0.9711,Colour deviation
141,B003,Line-2,C,403.5,32.21,3.627,5988.0,2.231,124.4,28.91,27.32,1.0189,0.9615,0.9803,1.0887,1.0624,1.0367,0.8761,0.9586,1.0029,Underfill
142,B003,Line-3,A,400.5,32.1,3.9,5008.0,2.22,130.5,32.44,27.67,1.0114,0.9582,1.0541,0.9105,1.0571,1.0875,0.983,0.9709,0.9909,No defect
143,B003,Line-3,B,394.7,32.94,3.723,5832.0,2.039,123.0,33.27,27.49,0.9967,0.9833,1.0062,1.0604,0.971,1.025,1.0082,0.9646,1.0004,Cap seal failure
144,B003,Line-3,C,398.6,35.03,3.765,5604.0,2.146,136.0,33.42,27.49,1.0066,1.0457,1.0176,1.0189,1.0219,1.1333,1.0127,0.9646,1.0233,Colour deviation
145,B003,Line-1,A,399.7,32.49,3.871,5929.0,2.066,117.9,33.95,29.71,1.0093,0.9699,1.0462,1.078,0.9838,0.9825,1.0288,1.0425,1.0063,Cap seal failure
146,B003,Line-1,B,397.8,33.87,3.929,4711.0,2.246,105.7,32.06,28.74,1.0045,1.011,1.0619,0.8565,1.0695,0.8808,0.9715,1.0084,0.968,Colour deviation
147,B003,Line-1,C,384.7,33.46,3.82,5362.0,1.872,127.0,34.49,28.11,0.9715,0.9988,1.0324,0.9749,0.8914,1.0583,1.0452,0.9863,0.9869,Underfill
148,B003,Line-2,A,390.8,34.83,3.655,5503.0,1.953,127.6,31.76,27.05,0.9869,1.0397,0.9878,1.0005,0.93,1.0633,0.9624,0.9491,0.993,Underfill
149,B003,Line-2,B,399.0,33.2,3.654,5629.0,1.903,131.7,36.29,30.1,1.0076,0.991,0.9876,1.0235,0.9062,1.0975,1.0997,1.0561,1.0243,Label misalignment
150,B003,Line-2,C,396.5,34.08,3.602,5322.0,2.016,106.6,32.52,26.72,1.0013,1.0173,0.9735,0.9676,0.96,0.8883,0.9855,0.9375,0.9731,Cap seal failure
151,B004,Line-3,A,397.2,32.87,3.498,6115.0,2.029,131.5,31.92,32.85,1.003,0.9812,0.9454,1.1118,0.9662,1.0958,0.9673,1.1526,1.042,Underfill
152,B004,Line-3,B,393.7,33.01,3.726,5751.0,2.03,110.0,29.94,30.19,0.9942,0.9854,1.007,1.0456,0.9667,0.9167,0.9073,1.0593,0.9835,Brix out of range
153,B004,Line-3,C,393.9,33.05,3.338,5972.0,2.189,154.4,34.31,30.01,0.9947,0.9866,0.9022,1.0858,1.0424,1.2867,1.0397,1.053,1.0747,Brix out of range
154,B004,Line-1,A,388.1,34.55,3.737,5772.0,2.267,112.5,33.0,28.63,0.9801,1.0313,1.01,1.0495,1.0795,0.9375,1.0,1.0046,1.0091,pH out of range
155,B004,Line-1,B,393.1,34.77,3.737,4885.0,2.173,101.6,31.81,29.31,0.9927,1.0379,1.01,0.8882,1.0348,0.8467,0.9639,1.0284,0.9728,Colour deviation
156,B004,Line-1,C,404.8,34.14,3.698,5318.0,2.182,124.6,32.66,31.98,1.0222,1.0191,0.9995,0.9669,1.039,1.0383,0.9897,1.1221,1.0247,Underfill
157,B004,Line-2,A,402.7,31.96,3.558,5233.0,2.219,104.9,31.14,30.17,1.0169,0.954,0.9616,0.9515,1.0567,0.8742,0.9436,1.0586,0.9869,Brix out of range
158,B004,Line-2,B,399.1,33.9,3.473,5735.0,2.001,123.4,34.35,31.8,1.0078,1.0119,0.9386,1.0427,0.9529,1.0283,1.0409,1.1158,1.0332,No defect
159,B004,Line-2,C,391.5,31.74,3.575,5491.0,2.234,130.2,30.05,25.47,0.9886,0.9475,0.9662,0.9984,1.0638,1.085,0.9106,0.8937,0.9903,Colour deviation
160,B004,Line-3,A,396.1,34.75,3.658,5913.0,2.215,116.8,32.05,28.05,1.0003,1.0373,0.9886,1.0751,1.0548,0.9733,0.9712,0.9842,1.0135,Overfill
161,B004,Line-3,B,392.5,33.78,3.675,6328.0,2.082,126.5,35.64,27.45,0.9912,1.0084,0.9932,1.1505,0.9914,1.0542,1.08,0.9632,1.0307,No defect
162,B004,Line-3,C,397.3,33.31,3.86,5287.0,2.176,143.8,33.04,29.51,1.0033,0.9943,1.0432,0.9613,1.0362,1.1983,1.0012,1.0354,1.0236,Colour deviation
163,B004,Line-1,A,400.5,33.83,3.716,4758.0,2.364,103.8,34.44,31.61,1.0114,1.0099,1.0043,0.8651,1.1257,0.865,1.0436,1.1091,1.0032,Colour deviation
164,B004,Line-1,B,396.6,33.93,3.743,5351.0,2.067,122.4,31.12,27.53,1.0015,1.0128,1.0116,0.9729,0.9843,1.02,0.943,0.966,0.9861,No defect
165,B004,Line-1,C,392.4,31.67,3.558,6995.0,2.033,131.6,33.72,26.21,0.9909,0.9454,0.9616,1.2718,0.9681,1.0967,1.0218,0.9196,1.0318,Brix out of range
166,B004,Line-2,A,403.8,34.07,3.56,4861.0,2.079,117.0,31.67,27.37,1.0197,1.017,0.9622,0.8838,0.99,0.975,0.9597,0.9604,0.9806,Overfill
167,B004,Line-2,B,404.1,32.82,3.585,5863.0,2.097,123.6,35.57,32.68,1.0205,0.9797,0.9689,1.066,0.9986,1.03,1.0779,1.1467,1.0439,No defect
168,B004,Line-2,C,405.2,35.73,3.703,5160.0,2.022,122.7,31.76,29.56,1.0232,1.0666,1.0008,0.9382,0.9629,1.0225,0.9624,1.0372,1.0015,Brix out of range
169,B004,Line-3,A,399.1,31.44,3.847,5456.0,2.318,109.0,31.78,28.12,1.0078,0.9385,1.0397,0.992,1.1038,0.9083,0.963,0.9867,0.9827,Underfill
170,B004,Line-3,B,392.4,34.06,3.676,5450.0,2.112,123.6,37.49,29.47,0.9909,1.0167,0.9935,0.9909,1.0057,1.03,1.1361,1.034,1.0264,pH out of range
171,B004,Line-3,C,396.4,32.5,3.716,5715.0,1.861,98.9,33.18,28.29,1.001,0.9701,1.0043,1.0391,0.8862,0.8242,1.0055,0.9926,0.9643,Overfill
172,B004,Line-1,A,399.1,31.24,3.582,5652.0,2.204,100.9,33.77,31.21,1.0078,0.9325,0.9681,1.0276,1.0495,0.8408,1.0233,1.0951,1.0012,Cap seal failure
173,B004,Line-1,B,402.6,33.65,3.539,5066.0,2.226,114.8,30.52,27.02,1.0167,1.0045,0.9565,0.9211,1.06,0.9567,0.9248,0.9481,0.9847,No defect
174,B004,Line-1,C,393.9,33.61,3.796,5431.0,1.931,127.8,31.26,25.49,0.9947,1.0033,1.0259,0.9875,0.9195,1.065,0.9473,0.8944,0.9733,Underfill
175,B004,Line-2,A,387.3,34.62,3.845,5980.0,1.854,143.6,37.5,29.25,0.978,1.0334,1.0392,1.0873,0.8829,1.1967,1.1364,1.0263,1.0379,No defect
176,B004,Line-2,B,392.0,33.69,3.666,4881.0,2.1,136.9,30.69,28.85,0.9899,1.0057,0.9908,0.8875,1.0,1.1408,0.93,1.0123,0.9969,No defect
177,B004,Line-2,C,405.3,33.34,3.642,5411.0,2.058,138.8,33.22,28.41,1.0235,0.9952,0.9843,0.9838,0.98,1.1567,1.0067,0.9968,1.0198,No defect
178,B004,Line-3,A,394.4,32.58,3.614,5501.0,2.131,125.2,34.31,27.29,0.996,0.9725,0.9768,1.0002,1.0148,1.0433,1.0397,0.9575,1.006,No defect
179,B004,Line-3,B,401.0,34.91,3.701,5295.0,2.098,123.1,33.2,30.05,1.0126,1.0421,1.0003,0.9627,0.999,1.0258,1.0061,1.0544,1.0128,No defect
180,B004,Line-3,C,402.2,33.67,3.68,5110.0,2.086,133.4,35.75,27.07,1.0157,1.0051,0.9946,0.9291,0.9933,1.1117,1.0833,0.9498,1.0117,Cap seal failure
181,B004,Line-1,A,384.9,32.04,3.614,5920.0,2.149,116.9,32.53,30.27,0.972,0.9564,0.9768,1.0764,1.0233,0.9742,0.9858,1.0621,1.0092,Underfill
182,B004,Line-1,B,392.5,32.89,3.83,5359.0,2.17,132.1,35.67,28.88,0.9912,0.9818,1.0351,0.9744,1.0333,1.1008,1.0809,1.0133,1.0177,Viscosity out of spec
183,B004,Line-1,C,387.5,34.56,3.659,5327.0,2.094,143.8,31.69,31.46,0.9785,1.0316,0.9889,0.9685,0.9971,1.1983,0.9603,1.1039,1.0312,No defect
184,B004,Line-2,A,386.0,33.98,3.659,5303.0,2.092,131.3,31.29,27.89,0.9747,1.0143,0.9889,0.9642,0.9962,1.0942,0.9482,0.9786,0.9977,No defect
185,B004,Line-2,B,392.2,32.24,3.703,5524.0,2.326,121.1,29.98,26.79,0.9904,0.9624,1.0008,1.0044,1.1076,1.0092,0.9085,0.94,0.9902,Colour deviation
186,B004,Line-2,C,400.6,31.94,3.835,5350.0,2.344,118.6,28.48,31.32,1.0116,0.9534,1.0365,0.9727,1.1162,0.9883,0.863,1.0989,0.9961,Colour deviation
187,B004,Line-3,A,396.8,33.12,3.635,5272.0,2.059,113.3,33.93,28.98,1.002,0.9887,0.9824,0.9585,0.9805,0.9442,1.0282,1.0168,0.9921,Overfill
188,B004,Line-3,B,406.2,34.14,3.825,4965.0,1.957,115.4,34.29,28.42,1.0258,1.0191,1.0338,0.9027,0.9319,0.9617,1.0391,0.9972,0.9806,Underfill
189,B004,Line-3,C,395.3,34.28,3.809,5973.0,2.118,102.7,29.93,29.79,0.9982,1.0233,1.0295,1.086,1.0086,0.8558,0.907,1.0453,0.9869,No defect
190,B004,Line-1,A,393.3,33.68,4.057,5821.0,1.944,117.0,33.12,28.05,0.9932,1.0054,1.0965,1.0584,0.9257,0.975,1.0036,0.9842,0.9822,No defect
191,B004,Line-1,B,392.0,32.55,3.83,4715.0,1.956,113.0,33.4,27.61,0.9899,0.9716,1.0351,0.8573,0.9314,0.9417,1.0121,0.9688,0.9549,Underfill
192,B004,Line-1,C,394.5,34.15,3.798,6014.0,2.333,110.0,32.11,28.81,0.9962,1.0194,1.0265,1.0935,1.111,0.9167,0.973,1.0109,1.0119,Colour deviation
193,B004,Line-2,A,395.7,33.59,3.442,5769.0,1.88,123.8,31.07,32.2,0.9992,1.0027,0.9303,1.0489,0.8952,1.0317,0.9415,1.1298,1.0155,No defect
194,B004,Line-2,B,399.1,32.23,3.563,6082.0,1.88,134.5,33.63,27.25,1.0078,0.9621,0.963,1.1058,0.8952,1.1208,1.0191,0.9561,1.0132,No defect
195,B004,Line-2,C,398.6,33.01,3.697,5621.0,2.163,119.6,31.96,28.26,1.0066,0.9854,0.9992,1.022,1.03,0.9967,0.9685,0.9916,1.0002,Foreign particle
196,B004,Line-3,A,392.5,33.57,3.654,5627.0,2.036,136.7,31.54,29.01,0.9912,1.0021,0.9876,1.0231,0.9695,1.1392,0.9558,1.0179,1.0139,Foreign particle
197,B004,Line-3,B,399.1,35.07,3.629,5441.0,1.935,151.8,34.37,29.52,1.0078,1.0469,0.9808,0.9893,0.9214,1.265,1.0415,1.0358,1.0409,No defect
198,B004,Line-3,C,404.9,31.88,3.781,5105.0,1.919,132.2,32.93,29.46,1.0225,0.9516,1.0219,0.9282,0.9138,1.1017,0.9979,1.0337,0.991,Underfill
199,B004,Line-1,A,398.1,32.37,3.651,6036.0,2.011,111.1,32.11,30.37,1.0053,0.9663,0.9868,1.0975,0.9576,0.9258,0.973,1.0656,1.0006,Cap seal failure
200,B004,Line-1,B,394.8,33.97,3.735,5676.0,1.918,113.4,30.83,28.49,0.997,1.014,1.0095,1.032,0.9133,0.945,0.9342,0.9996,0.9782,Overfill
201,B005,Line-1,C,397.3,34.51,3.896,5599.0,2.172,116.8,33.18,31.39,1.0033,1.0301,1.053,1.018,1.0343,0.9733,1.0055,1.1014,1.0144,No defect
202,B005,Line-2,A,395.2,32.5,3.7,5398.0,1.759,132.5,32.75,27.44,0.998,0.9701,1.0,0.9815,0.8376,1.1042,0.9924,0.9628,0.9808,Viscosity out of spec
203,B005,Line-2,B,393.8,34.49,3.824,5136.0,1.919,124.9,35.07,29.4,0.9944,1.0296,1.0335,0.9338,0.9138,1.0408,1.0627,1.0316,0.9968,No defect
204,B005,Line-2,C,398.2,31.4,3.714,5264.0,2.004,135.8,31.05,27.48,1.0056,0.9373,1.0038,0.9571,0.9543,1.1317,0.9409,0.9642,0.9859,No defect
205,B005,Line-3,A,399.9,34.98,3.638,5734.0,2.183,116.0,35.11,28.96,1.0098,1.0442,0.9832,1.0425,1.0395,0.9667,1.0639,1.0161,1.025,Overfill
206,B005,Line-3,B,390.5,34.87,3.591,5789.0,2.214,109.7,34.8,30.95,0.9861,1.0409,0.9705,1.0525,1.0543,0.9142,1.0545,1.086,1.0274,No defect
207,B005,Line-3,C,400.7,30.51,3.81,5682.0,2.164,134.8,34.69,27.6,1.0119,0.9107,1.0297,1.0331,1.0305,1.1233,1.0512,0.9684,1.0125,No defect
208,B005,Line-1,A,392.3,33.94,3.691,5632.0,1.938,117.0,35.82,27.71,0.9907,1.0131,0.9976,1.024,0.9229,0.975,1.0855,0.9723,0.9982,Underfill
209,B005,Line-1,B,402.6,32.97,3.668,5795.0,2.096,106.7,30.11,28.31,1.0167,0.9842,0.9914,1.0536,0.9981,0.8892,0.9124,0.9933,0.982,Label misalignment
210,B005,Line-1,C,394.3,35.1,3.987,5233.0,2.004,113.6,33.02,24.57,0.9957,1.0478,1.0776,0.9515,0.9543,0.9467,1.0006,0.8621,0.9608,Colour deviation
211,B005,Line-2,A,398.3,32.99,3.461,5735.0,1.907,141.4,34.85,26.07,1.0058,0.9848,0.9354,1.0427,0.9081,1.1783,1.0561,0.9147,1.0199,No defect
212,B005,Line-2,B,391.0,31.91,3.447,4761.0,2.032,114.3,34.75,30.62,0.9874,0.9525,0.9316,0.8656,0.9676,0.9525,1.053,1.0744,0.9908,Underfill
213,B005,Line-2,C,392.2,33.4,3.872,5342.0,2.222,126.4,33.55,29.58,0.9904,0.997,1.0465,0.9713,1.0581,1.0533,1.0167,1.0379,1.01,Label misalignment
214,B005,Line-3,A,404.0,33.8,3.875,5233.0,2.153,135.7,34.06,33.21,1.0202,1.009,1.0473,0.9515,1.0252,1.1308,1.0321,1.1653,1.0361,Cap seal failure
215,B005,Line-3,B,407.5,31.4,3.688,5529.0,2.297,121.2,32.87,30.18,1.029,0.9373,0.9968,1.0053,1.0938,1.01,0.9961,1.0589,1.0167,Foreign particle
216,B005,Line-3,C,395.5,32.62,3.602,5159.0,2.246,127.3,33.98,29.93,0.9987,0.9737,0.9735,0.938,1.0695,1.0608,1.0297,1.0502,1.0185,No defect
217,B005,Line-1,A,389.4,34.37,3.73,5057.0,2.134,123.9,32.85,28.95,0.9833,1.026,1.0081,0.9195,1.0162,1.0325,0.9955,1.0158,0.9976,pH out of range
218,B005,Line-1,B,397.3,33.77,3.74,5738.0,1.983,106.3,37.46,28.62,1.0033,1.0081,1.0108,1.0433,0.9443,0.8858,1.1352,1.0042,1.0017,Colour deviation
219,B005,Line-1,C,389.8,33.49,3.636,5706.0,2.074,114.8,31.25,27.7,0.9843,0.9997,0.9827,1.0375,0.9876,0.9567,0.947,0.9719,0.9878,Colour deviation
220,B005,Line-2,A,401.8,32.81,3.462,5002.0,2.477,134.6,35.89,30.19,1.0146,0.9794,0.9357,0.9095,1.1795,1.1217,1.0876,1.0593,1.0525,Label misalignment
221,B005,Line-2,B,388.4,34.19,3.888,5683.0,2.086,125.1,31.06,26.73,0.9808,1.0206,1.0508,1.0333,0.9933,1.0425,0.9412,0.9379,0.9877,No defect
222,B005,Line-2,C,397.4,29.78,3.701,5387.0,2.167,142.0,31.97,30.73,1.0035,0.889,1.0003,0.9795,1.0319,1.1833,0.9688,1.0782,1.0167,Underfill
223,B005,Line-3,A,396.1,33.8,3.609,4971.0,1.96,104.4,34.72,29.02,1.0003,1.009,0.9754,0.9038,0.9333,0.87,1.0521,1.0182,0.9765,Foreign particle
224,B005,Line-3,B,392.1,32.83,3.625,5114.0,1.927,114.9,35.77,27.73,0.9902,0.98,0.9797,0.9298,0.9176,0.9575,1.0839,0.973,0.9816,No defect
225,B005,Line-3,C,389.7,34.33,3.636,4992.0,2.189,113.5,30.93,32.69,0.9841,1.0248,0.9827,0.9076,1.0424,0.9458,0.9373,1.147,1.0008,No defect
226,B005,Line-1,A,395.2,33.82,3.648,5798.0,2.391,113.5,33.49,30.04,0.998,1.0096,0.9859,1.0542,1.1386,0.9458,1.0148,1.054,1.0287,Viscosity out of spec
227,B005,Line-1,B,396.6,31.42,3.864,5163.0,2.187,115.9,33.41,25.58,1.0015,0.9379,1.0443,0.9387,1.0414,0.9658,1.0124,0.8975,0.9691,Colour deviation
228,B005,Line-1,C,397.9,31.88,3.76,6365.0,2.252,119.9,32.52,30.83,1.0048,0.9516,1.0162,1.1573,1.0724,0.9992,0.9855,1.0818,1.0296,No defect
229,B005,Line-2,A,393.6,33.52,3.847,5660.0,1.909,122.7,35.94,29.35,0.9939,1.0006,1.0397,1.0291,0.909,1.0225,1.0891,1.0298,1.0045,No defect
230,B005,Line-2,B,394.5,34.92,3.613,5173.0,2.072,122.2,33.97,28.21,0.9962,1.0424,0.9765,0.9405,0.9867,1.0183,1.0294,0.9898,1.0034,Underfill
231,B005,Line-2,C,403.1,34.21,3.934,5261.0,2.164,132.2,32.5,31.89,1.0179,1.0212,1.0632,0.9565,1.0305,1.1017,0.9848,1.1189,1.0215,Colour deviation
232,B005,Line-3,A,393.7,35.63,3.656,5557.0,2.28,122.6,34.11,28.38,0.9942,1.0636,0.9881,1.0104,1.0857,1.0217,1.0336,0.9958,1.0271,Underfill
233,B005,Line-3,B,393.1,32.55,3.712,4390.0,2.177,128.6,30.07,26.37,0.9927,0.9716,1.0032,0.7982,1.0367,1.0717,0.9112,0.9253,0.963,pH out of range
234,B005,Line-3,C,394.1,34.64,3.7,5636.0,2.284,131.3,30.93,31.55,0.9952,1.034,1.0,1.0247,1.0876,1.0942,0.9373,1.107,1.035,No defect
235,B005,Line-1,A,394.9,31.6,3.825,5595.0,2.301,125.1,34.82,27.56,0.9972,0.9433,1.0338,1.0173,1.0957,1.0425,1.0552,0.967,1.0107,Underfill
236,B005,Line-1,B,399.4,31.0,3.671,5575.0,2.153,129.7,32.0,27.76,1.0086,0.9254,0.9922,1.0136,1.0252,1.0808,0.9697,0.974,1.0006,No defect
237,B005,Line-1,C,397.2,32.2,3.803,5765.0,2.247,123.9,31.76,29.69,1.003,0.9612,1.0278,1.0482,1.07,1.0325,0.9624,1.0418,1.0115,No defect
238,B005,Line-2,A,400.2,34.68,3.707,5557.0,1.939,115.2,33.34,27.66,1.0106,1.0352,1.0019,1.0104,0.9233,0.96,1.0103,0.9705,0.9898,No defect
239,B005,Line-2,B,393.3,33.22,3.906,5481.0,1.843,131.2,32.7,27.38,0.9932,0.9916,1.0557,0.9965,0.8776,1.0933,0.9909,0.9607,0.9814,No defect
240,B005,Line-2,C,400.6,32.99,3.727,5207.0,2.245,137.2,35.83,27.09,1.0116,0.9848,1.0073,0.9467,1.069,1.1433,1.0858,0.9505,1.0231,Overfill
241,B005,Line-3,A,405.3,32.53,3.833,5292.0,2.035,111.6,31.95,26.1,1.0235,0.971,1.0359,0.9622,0.969,0.93,0.9682,0.9158,0.9631,No defect
242,B005,Line-3,B,395.2,33.81,3.628,5267.0,2.094,121.4,29.05,28.33,0.998,1.0093,0.9805,0.9576,0.9971,1.0117,0.8803,0.994,0.9835,Colour deviation
243,B005,Line-3,C,389.1,31.26,3.957,5621.0,2.214,121.3,35.05,25.65,0.9826,0.9331,1.0695,1.022,1.0543,1.0108,1.0621,0.9,0.9875,No defect
244,B005,Line-1,A,393.2,34.23,3.629,5544.0,2.096,107.1,32.58,29.43,0.9929,1.0218,0.9808,1.008,0.9981,0.8925,0.9873,1.0326,0.9941,Foreign particle
245,B005,Line-1,B,402.4,34.45,3.641,5613.0,2.064,124.8,32.79,29.52,1.0162,1.0284,0.9841,1.0205,0.9829,1.04,0.9936,1.0358,1.0167,Label misalignment
246,B005,Line-1,C,398.7,32.34,3.751,5316.0,2.012,129.4,32.96,28.65,1.0068,0.9654,1.0138,0.9665,0.9581,1.0783,0.9988,1.0053,0.9957,Cap seal failure
247,B005,Line-2,A,391.0,32.32,3.923,5181.0,2.208,136.9,29.52,27.03,0.9874,0.9648,1.0603,0.942,1.0514,1.1408,0.8945,0.9484,0.9841,No defect
248,B005,Line-2,B,390.1,34.65,3.649,5265.0,2.121,105.6,33.54,32.43,0.9851,1.0343,0.9862,0.9573,1.01,0.88,1.0164,1.1379,1.0044,No defect
249,B005,Line-2,C,396.7,35.01,3.72,5725.0,2.176,117.2,32.9,29.4,1.0018,1.0451,1.0054,1.0409,1.0362,0.9767,0.997,1.0316,1.0155,Colour deviation
250,B005,Line-3,A,388.5,32.36,3.744,5691.0,2.121,117.7,33.0,28.22,0.9811,0.966,1.0119,1.0347,1.01,0.9808,1.0,0.9902,0.9939,Viscosity out of spec
251,B006,Line-3,B,402.2,31.74,3.533,4830.0,2.114,124.7,34.99,27.94,1.0157,0.9475,0.9549,0.8782,1.0067,1.0392,1.0603,0.9804,0.9969,Underfill
252,B006,Line-3,C,395.0,33.88,3.533,6338.0,2.192,109.9,31.78,25.98,0.9975,1.0113,0.9549,1.1524,1.0438,0.9158,0.963,0.9116,1.0053,Underfill
253,B006,Line-1,A,410.9,36.6,3.767,5694.0,2.181,141.9,32.32,29.73,1.0376,1.0925,1.0181,1.0353,1.0386,1.1825,0.9794,1.0432,1.0489,Viscosity out of spec
254,B006,Line-1,B,396.1,34.13,3.749,5712.0,1.831,138.4,37.41,28.38,1.0003,1.0188,1.0132,1.0385,0.8719,1.1533,1.1336,0.9958,1.0249,Overfill
255,B006,Line-1,C,402.6,34.53,3.673,5354.0,2.105,100.7,32.61,28.26,1.0167,1.0307,0.9927,0.9735,1.0024,0.8392,0.9882,0.9916,0.9812,Cap seal failure
256,B006,Line-2,A,399.7,34.01,3.718,5404.0,2.001,109.9,29.12,25.4,1.0093,1.0152,1.0049,0.9825,0.9529,0.9158,0.8824,0.8912,0.9556,Underfill
257,B006,Line-2,B,394.5,33.65,3.646,5449.0,2.172,91.4,34.33,24.58,0.9962,1.0045,0.9854,0.9907,1.0343,0.7617,1.0403,0.8625,0.9631,Cap seal failure
258,B006,Line-2,C,387.8,35.52,3.724,5755.0,2.328,108.7,35.41,30.73,0.9793,1.0603,1.0065,1.0464,1.1086,0.9058,1.073,1.0782,1.0306,Colour deviation
259,B006,Line-3,A,396.9,34.49,3.694,5658.0,2.144,125.0,34.02,30.57,1.0023,1.0296,0.9984,1.0287,1.021,1.0417,1.0309,1.0726,1.0286,No defect
260,B006,Line-3,B,392.2,34.93,3.724,5489.0,1.936,103.0,37.79,27.15,0.9904,1.0427,1.0065,0.998,0.9219,0.8583,1.1452,0.9526,0.9878,Overfill
261,B006,Line-3,C,398.0,33.95,3.833,5501.0,2.21,123.3,31.32,30.47,1.0051,1.0134,1.0359,1.0002,1.0524,1.0275,0.9491,1.0691,1.0103,Colour deviation
262,B006,Line-1,A,396.7,32.68,3.873,5802.0,2.024,109.1,34.79,28.53,1.0018,0.9755,1.0468,1.0549,0.9638,0.9092,1.0542,1.0011,0.9895,Brix out of range
263,B006,Line-1,B,392.1,35.12,3.732,4863.0,2.256,133.6,31.33,29.92,0.9902,1.0484,1.0086,0.8842,1.0743,1.1133,0.9494,1.0498,1.0126,Underfill
264,B006,Line-1,C,393.7,35.18,3.724,5630.0,2.129,118.5,29.67,25.88,0.9942,1.0501,1.0065,1.0236,1.0138,0.9875,0.8991,0.9081,0.9837,Colour deviation
265,B006,Line-2,A,397.3,32.94,3.677,5163.0,2.163,121.2,35.96,28.16,1.0033,0.9833,0.9938,0.9387,1.03,1.01,1.0897,0.9881,1.0062,No defect
266,B006,Line-2,B,392.1,33.14,3.718,5490.0,2.256,129.0,31.05,31.24,0.9902,0.9893,1.0049,0.9982,1.0743,1.075,0.9409,1.0961,1.0199,No defect
267,B006,Line-2,C,400.3,32.94,3.642,5573.0,2.133,116.3,37.39,29.96,1.0109,0.9833,0.9843,1.0133,1.0157,0.9692,1.133,1.0512,1.0241,No defect
268,B006,Line-3,A,405.4,33.89,3.676,5435.0,1.883,132.5,30.09,25.75,1.0237,1.0116,0.9935,0.9882,0.8967,1.1042,0.9118,0.9035,0.9808,Underfill
269,B006,Line-3,B,403.0,34.26,3.707,5295.0,2.11,122.5,35.3,28.26,1.0177,1.0227,1.0019,0.9627,1.0048,1.0208,1.0697,0.9916,1.011,No defect
270,B006,Line-3,C,395.5,34.58,3.591,5409.0,2.116,122.8,32.34,27.68,0.9987,1.0322,0.9705,0.9835,1.0076,1.0233,0.98,0.9712,1.0034,No defect
271,B006,Line-1,A,390.8,31.31,3.474,6592.0,2.194,131.8,32.18,28.23,0.9869,0.9346,0.9389,1.1985,1.0448,1.0983,0.9752,0.9905,1.0367,No defect
272,B006,Line-1,B,398.0,34.68,3.854,5453.0,2.116,146.3,30.62,30.45,1.0051,1.0352,1.0416,0.9915,1.0076,1.2192,0.9279,1.0684,1.0269,Viscosity out of spec
273,B006,Line-1,C,388.6,33.37,3.848,6090.0,1.962,124.6,35.23,29.16,0.9813,0.9961,1.04,1.1073,0.9343,1.0383,1.0676,1.0232,1.0137,pH out of range
274,B006,Line-2,A,392.6,32.6,3.769,5904.0,2.102,104.4,34.84,28.66,0.9914,0.9731,1.0186,1.0735,1.001,0.87,1.0558,1.0056,0.994,Underfill
275,B006,Line-2,B,401.9,34.92,3.898,5686.0,2.003,114.0,33.37,27.24,1.0149,1.0424,1.0535,1.0338,0.9538,0.95,1.0112,0.9558,0.9889,Colour deviation
276,B006,Line-2,C,395.5,32.75,3.655,5664.0,1.88,117.7,32.74,29.82,0.9987,0.9776,0.9878,1.0298,0.8952,0.9808,0.9921,1.0463,0.9916,Viscosity out of spec
277,B006,Line-3,A,396.0,32.33,3.814,5467.0,2.011,122.4,34.09,25.28,1.0,0.9651,1.0308,0.994,0.9576,1.02,1.033,0.887,0.9784,Viscosity out of spec
278,B006,Line-3,B,393.8,32.11,3.779,5087.0,2.13,121.3,32.39,28.03,0.9944,0.9585,1.0214,0.9249,1.0143,1.0108,0.9815,0.9835,0.9809,Overfill
279,B006,Line-3,C,397.5,34.09,3.664,6243.0,1.921,127.5,32.33,27.37,1.0038,1.0176,0.9903,1.1351,0.9148,1.0625,0.9797,0.9604,1.0105,Underfill
280,B006,Line-1,A,389.1,34.25,3.672,5914.0,2.171,118.9,32.54,28.01,0.9826,1.0224,0.9924,1.0753,1.0338,0.9908,0.9861,0.9828,1.0102,Underfill
281,B006,Line-1,B,403.6,34.48,3.703,5426.0,2.121,127.7,35.69,28.89,1.0192,1.0293,1.0008,0.9865,1.01,1.0642,1.0815,1.0137,1.0255,Underfill
282,B006,Line-1,C,392.2,33.48,3.807,5824.0,2.204,113.7,32.11,29.03,0.9904,0.9994,1.0289,1.0589,1.0495,0.9475,0.973,1.0186,1.0012,Colour deviation
283,B006,Line-2,A,397.6,34.86,3.77,5195.0,1.828,122.7,29.47,25.51,1.004,1.0406,1.0189,0.9445,0.8705,1.0225,0.893,0.8951,0.9565,Underfill
284,B006,Line-2,B,399.7,32.66,3.466,4915.0,2.268,143.1,31.85,30.65,1.0093,0.9749,0.9368,0.8936,1.08,1.1925,0.9652,1.0754,1.0323,Underfill
285,B006,Line-2,C,395.4,34.5,3.674,6020.0,1.906,94.3,37.04,29.6,0.9985,1.0299,0.993,1.0945,0.9076,0.7858,1.1224,1.0386,0.998,Colour deviation
286,B006,Line-3,A,400.1,33.76,3.742,5714.0,2.27,132.9,32.71,28.51,1.0104,1.0078,1.0114,1.0389,1.081,1.1075,0.9912,1.0004,1.0282,Colour deviation
287,B006,Line-3,B,395.7,33.01,3.799,5992.0,2.105,128.2,28.66,23.72,0.9992,0.9854,1.0268,1.0895,1.0024,1.0683,0.8685,0.8323,0.9774,Underfill
288,B006,Line-3,C,392.8,32.88,3.725,5213.0,2.317,120.8,33.88,29.23,0.9919,0.9815,1.0068,0.9478,1.1033,1.0067,1.0267,1.0256,1.0096,Underfill
289,B006,Line-1,A,395.1,33.66,3.791,5412.0,2.398,115.1,32.52,28.79,0.9977,1.0048,1.0246,0.984,1.1419,0.9592,0.9855,1.0102,1.0074,Viscosity out of spec
290,B006,Line-1,B,402.8,30.74,3.671,5138.0,2.219,99.0,31.95,31.74,1.0172,0.9176,0.9922,0.9342,1.0567,0.825,0.9682,1.1137,0.9801,Label misalignment
291,B006,Line-1,C,394.2,33.12,3.779,5546.0,1.846,128.3,30.14,29.38,0.9955,0.9887,1.0214,1.0084,0.879,1.0692,0.9133,1.0309,0.983,No defect
292,B006,Line-2,A,398.4,34.28,3.637,5835.0,2.261,118.5,29.92,30.83,1.0061,1.0233,0.983,1.0609,1.0767,0.9875,0.9067,1.0818,1.02,pH out of range
293,B006,Line-2,B,401.6,35.1,3.871,6125.0,2.061,119.4,32.27,24.85,1.0141,1.0478,1.0462,1.1136,0.9814,0.995,0.9779,0.8719,0.9947,Brix out of range
294,B006,Line-2,C,399.3,33.67,3.849,5758.0,2.263,124.3,34.62,26.95,1.0083,1.0051,1.0403,1.0469,1.0776,1.0358,1.0491,0.9456,1.0162,Viscosity out of spec
295,B006,Line-3,A,395.2,33.39,3.618,6397.0,2.229,123.6,32.04,26.75,0.998,0.9967,0.9778,1.1631,1.0614,1.03,0.9709,0.9386,1.0227,Label misalignment
296,B006,Line-3,B,396.0,34.85,3.74,6091.0,2.199,132.0,30.12,29.04,1.0,1.0403,1.0108,1.1075,1.0471,1.1,0.9127,1.0189,1.027,Colour deviation
297,B006,Line-3,C,397.0,33.24,3.512,5313.0,2.096,131.6,31.57,29.12,1.0025,0.9922,0.9492,0.966,0.9981,1.0967,0.9567,1.0218,1.0109,No defect
298,B006,Line-1,A,395.8,33.21,3.703,5731.0,2.229,111.6,34.77,30.16,0.9995,0.9913,1.0008,1.042,1.0614,0.93,1.0536,1.0582,1.0169,No defect
299,B006,Line-1,B,397.6,34.06,3.737,5201.0,2.057,112.3,38.19,28.01,1.004,1.0167,1.01,0.9456,0.9795,0.9358,1.1573,0.9828,1.0015,Viscosity out of spec
300,B006,Line-1,C,391.2,36.43,3.501,5232.0,2.062,126.0,33.54,24.24,0.9879,1.0875,0.9462,0.9513,0.9819,1.05,1.0164,0.8505,0.9978,No defect
301,B007,Line-2,A,401.4,33.01,3.851,5040.0,1.942,102.8,30.99,28.3,1.0136,0.9854,1.0408,0.9164,0.9248,0.8567,0.9391,0.993,0.9487,Underfill
302,B007,Line-2,B,394.6,34.56,3.707,5347.0,2.193,113.4,34.33,30.5,0.9965,1.0316,1.0019,0.9722,1.0443,0.945,1.0403,1.0702,1.0123,Label misalignment
303,B007,Line-2,C,395.3,33.55,3.658,5066.0,2.069,121.7,31.82,31.6,0.9982,1.0015,0.9886,0.9211,0.9852,1.0142,0.9642,1.1088,1.0006,Viscosity out of spec
304,B007,Line-3,A,402.2,35.09,3.665,4656.0,1.981,115.4,33.67,25.48,1.0157,1.0475,0.9905,0.8465,0.9433,0.9617,1.0203,0.894,0.9673,pH out of range
305,B007,Line-3,B,394.4,34.7,3.735,5945.0,2.151,116.8,33.89,28.31,0.996,1.0358,1.0095,1.0809,1.0243,0.9733,1.027,0.9933,1.0151,No defect
306,B007,Line-3,C,402.2,32.02,3.863,5090.0,2.074,128.3,34.55,27.21,1.0157,0.9558,1.0441,0.9255,0.9876,1.0692,1.047,0.9547,0.9892,No defect
307,B007,Line-1,A,390.5,31.91,3.542,5416.0,2.165,116.3,32.81,30.02,0.9861,0.9525,0.9573,0.9847,1.031,0.9692,0.9942,1.0533,1.002,Foreign particle
308,B007,Line-1,B,401.5,32.41,3.569,5489.0,2.08,122.1,29.95,27.98,1.0139,0.9675,0.9646,0.998,0.9905,1.0175,0.9076,0.9818,0.9892,No defect
309,B007,Line-1,C,394.9,32.62,3.59,5860.0,2.201,127.0,30.58,27.57,0.9972,0.9737,0.9703,1.0655,1.0481,1.0583,0.9267,0.9674,1.0084,pH out of range
310,B007,Line-2,A,399.0,32.11,3.835,4972.0,2.261,90.9,30.92,31.65,1.0076,0.9585,1.0365,0.904,1.0767,0.7575,0.937,1.1105,0.9646,Overfill
311,B007,Line-2,B,398.8,32.13,3.856,5758.0,1.9,142.2,36.61,28.22,1.0071,0.9591,1.0422,1.0469,0.9048,1.185,1.1094,0.9902,1.0203,No defect
312,B007,Line-2,C,395.4,33.99,3.93,5524.0,2.203,125.0,33.96,28.08,0.9985,1.0146,1.0622,1.0044,1.049,1.0417,1.0291,0.9853,1.008,No defect
313,B007,Line-3,A,391.5,33.22,3.662,5059.0,1.974,124.2,35.87,29.23,0.9886,0.9916,0.9897,0.9198,0.94,1.035,1.087,1.0256,0.9998,Underfill
314,B007,Line-3,B,395.0,32.71,3.956,5332.0,1.784,102.0,29.15,30.56,0.9975,0.9764,1.0692,0.9695,0.8495,0.85,0.8833,1.0723,0.9417,Overfill
315,B007,Line-3,C,393.1,32.07,3.465,5311.0,1.984,129.6,31.02,31.79,0.9927,0.9573,0.9365,0.9656,0.9448,1.08,0.94,1.1154,1.008,Colour deviation
316,B007,Line-1,A,399.6,32.96,3.61,6170.0,2.321,125.8,32.73,26.33,1.0091,0.9839,0.9757,1.1218,1.1052,1.0483,0.9918,0.9239,1.0261,Foreign particle
317,B007,Line-1,B,399.5,34.21,3.76,5505.0,2.11,105.5,30.54,27.1,1.0088,1.0212,1.0162,1.0009,1.0048,0.8792,0.9255,0.9509,0.9719,Viscosity out of spec
318,B007,Line-1,C,394.3,32.2,3.804,5994.0,2.287,129.5,35.89,29.29,0.9957,0.9612,1.0281,1.0898,1.089,1.0792,1.0876,1.0277,1.0379,No defect
319,B007,Line-2,A,396.0,32.83,3.497,5793.0,1.875,111.4,35.2,30.17,1.0,0.98,0.9451,1.0533,0.8929,0.9283,1.0667,1.0586,1.0047,Viscosity out of spec
320,B007,Line-2,B,392.7,32.34,3.71,6056.0,2.02,127.6,35.71,26.76,0.9917,0.9654,1.0027,1.1011,0.9619,1.0633,1.0821,0.9389,1.0127,Colour deviation
321,B007,Line-2,C,394.9,31.74,3.555,5527.0,1.864,117.9,36.01,27.49,0.9972,0.9475,0.9608,1.0049,0.8876,0.9825,1.0912,0.9646,0.9895,Label misalignment
322,B007,Line-3,A,403.4,35.01,3.55,5276.0,2.173,111.1,32.97,28.36,1.0187,1.0451,0.9595,0.9593,1.0348,0.9258,0.9991,0.9951,1.0025,Underfill
323,B007,Line-3,B,391.8,32.22,3.744,5231.0,2.29,130.8,35.66,28.48,0.9894,0.9618,1.0119,0.9511,1.0905,1.09,1.0806,0.9993,1.0189,Label misalignment
324,B007,Line-3,C,398.1,32.56,3.596,5618.0,1.927,127.3,30.7,27.61,1.0053,0.9719,0.9719,1.0215,0.9176,1.0608,0.9303,0.9688,0.9881,Cap seal failure
325,B007,Line-1,A,395.4,32.84,3.897,5324.0,2.282,138.7,33.24,27.92,0.9985,0.9803,1.0532,0.968,1.0867,1.1558,1.0073,0.9796,1.0157,No defect
326,B007,Line-1,B,389.6,34.31,3.833,5138.0,2.147,121.8,35.79,27.11,0.9838,1.0242,1.0359,0.9342,1.0224,1.015,1.0845,0.9512,0.9976,Label misalignment
327,B007,Line-1,C,391.9,34.57,3.8,5862.0,2.285,144.9,33.93,30.55,0.9896,1.0319,1.027,1.0658,1.0881,1.2075,1.0282,1.0719,1.0571,No defect
328,B007,Line-2,A,395.9,32.42,3.515,5103.0,2.18,122.7,31.39,26.67,0.9997,0.9678,0.95,0.9278,1.0381,1.0225,0.9512,0.9358,0.9869,No defect
329,B007,Line-2,B,397.6,34.15,3.563,5317.0,2.214,115.5,32.2,29.01,1.004,1.0194,0.963,0.9667,1.0543,0.9625,0.9758,1.0179,1.0049,No defect
330,B007,Line-2,C,402.2,31.92,3.758,5434.0,2.052,104.8,28.72,27.8,1.0157,0.9528,1.0157,0.988,0.9771,0.8733,0.8703,0.9754,0.9546,Overfill
331,B007,Line-3,A,397.9,33.59,3.716,5980.0,2.127,119.5,33.67,27.39,1.0048,1.0027,1.0043,1.0873,1.0129,0.9958,1.0203,0.9611,1.0101,Underfill
332,B007,Line-3,B,402.5,32.81,3.612,5895.0,2.007,116.2,36.95,32.48,1.0164,0.9794,0.9762,1.0718,0.9557,0.9683,1.1197,1.1396,1.0344,Colour deviation
333,B007,Line-3,C,401.6,31.84,3.769,5278.0,2.329,144.8,31.76,28.55,1.0141,0.9504,1.0186,0.9596,1.109,1.2067,0.9624,1.0018,1.0232,Foreign particle
334,B007,Line-1,A,393.5,33.42,3.856,5216.0,1.779,132.9,31.84,31.18,0.9937,0.9976,1.0422,0.9484,0.8471,1.1075,0.9648,1.094,0.9891,Viscosity out of spec
335,B007,Line-1,B,402.3,33.39,3.836,5686.0,2.154,109.8,32.68,28.21,1.0159,0.9967,1.0368,1.0338,1.0257,0.915,0.9903,0.9898,0.9915,No defect
336,B007,Line-1,C,389.4,32.56,3.659,5269.0,1.981,110.1,31.5,27.72,0.9833,0.9719,0.9889,0.958,0.9433,0.9175,0.9545,0.9726,0.964,Foreign particle
337,B007,Line-2,A,396.8,33.39,3.82,5934.0,2.224,116.6,29.05,24.32,1.002,0.9967,1.0324,1.0789,1.059,0.9717,0.8803,0.8533,0.9763,Overfill
338,B007,Line-2,B,393.0,34.62,3.727,5706.0,2.202,111.5,31.58,30.09,0.9924,1.0334,1.0073,1.0375,1.0486,0.9292,0.957,1.0558,1.0058,pH out of range
339,B007,Line-2,C,394.7,34.12,3.68,5291.0,2.2,149.8,32.09,27.84,0.9967,1.0185,0.9946,0.962,1.0476,1.2483,0.9724,0.9768,1.0285,No defect
340,B007,Line-3,A,382.9,31.49,3.702,6105.0,2.276,115.5,36.45,27.22,0.9669,0.94,1.0005,1.11,1.0838,0.9625,1.1045,0.9551,1.0153,Colour deviation
341,B007,Line-3,B,397.5,31.62,3.695,5473.0,2.069,129.0,31.19,27.34,1.0038,0.9439,0.9986,0.9951,0.9852,1.075,0.9452,0.9593,0.9886,Brix out of range
342,B007,Line-3,C,387.4,34.99,3.832,5466.0,2.038,139.2,33.76,26.29,0.9783,1.0445,1.0357,0.9938,0.9705,1.16,1.023,0.9225,1.0073,No defect
343,B007,Line-1,A,394.5,33.35,3.582,5489.0,2.009,123.9,31.88,28.21,0.9962,0.9955,0.9681,0.998,0.9567,1.0325,0.9661,0.9898,0.996,Underfill
344,B007,Line-1,B,398.9,32.54,3.733,5977.0,2.205,102.2,34.57,30.26,1.0073,0.9713,1.0089,1.0867,1.05,0.8517,1.0476,1.0618,1.0084,No defect
345,B007,Line-1,C,400.2,33.15,3.5,5335.0,2.179,139.1,28.2,28.51,1.0106,0.9896,0.9459,0.97,1.0376,1.1592,0.8545,1.0004,1.0099,No defect
346,B007,Line-2,A,389.2,34.09,3.7,4889.0,2.237,121.1,33.73,26.79,0.9828,1.0176,1.0,0.8889,1.0652,1.0092,1.0221,0.94,0.9907,No defect
347,B007,Line-2,B,394.2,33.51,3.459,6018.0,2.389,130.4,33.37,27.35,0.9955,1.0003,0.9349,1.0942,1.1376,1.0867,1.0112,0.9596,1.0443,Brix out of range
348,B007,Line-2,C,395.6,33.28,3.58,5639.0,2.062,115.7,31.94,26.46,0.999,0.9934,0.9676,1.0253,0.9819,0.9642,0.9679,0.9284,0.9867,Label misalignment
349,B007,Line-3,A,394.9,34.79,3.743,5312.0,2.323,132.0,32.91,27.03,0.9972,1.0385,1.0116,0.9658,1.1062,1.1,0.9973,0.9484,1.0177,No defect
350,B007,Line-3,B,388.7,32.85,3.856,4528.0,2.256,114.9,29.44,30.29,0.9816,0.9806,1.0422,0.8233,1.0743,0.9575,0.8921,1.0628,0.9665,Colour deviation
351,B008,Line-3,C,398.8,32.51,3.912,5277.0,2.12,131.7,29.86,26.11,1.0071,0.9704,1.0573,0.9595,1.0095,1.0975,0.9048,0.9161,0.9763,Colour deviation
352,B008,Line-1,A,388.0,34.08,3.461,5453.0,1.973,101.3,31.22,27.17,0.9798,1.0173,0.9354,0.9915,0.9395,0.8442,0.9461,0.9533,0.9676,pH out of range
353,B008,Line-1,B,397.5,32.7,3.737,5278.0,1.887,115.5,36.7,27.69,1.0038,0.9761,1.01,0.9596,0.8986,0.9625,1.1121,0.9716,0.9843,Brix out of range
354,B008,Line-1,C,395.2,33.84,3.702,5390.0,2.175,101.5,32.93,28.47,0.998,1.0101,1.0005,0.98,1.0357,0.8458,0.9979,0.9989,0.9832,Overfill
355,B008,Line-2,A,387.9,33.29,3.541,5622.0,2.147,113.9,36.2,26.36,0.9795,0.9937,0.957,1.0222,1.0224,0.9492,1.097,0.9249,1.0042,Underfill
356,B008,Line-2,B,405.0,33.91,3.784,5227.0,2.246,114.1,31.32,29.67,1.0227,1.0122,1.0227,0.9504,1.0695,0.9508,0.9491,1.0411,0.9967,pH out of range
357,B008,Line-2,C,393.4,33.85,3.705,4850.0,2.233,128.2,30.92,29.21,0.9934,1.0104,1.0014,0.8818,1.0633,1.0683,0.937,1.0249,0.9972,Colour deviation
358,B008,Line-3,A,392.4,34.19,3.709,5031.0,2.097,118.7,36.18,32.13,0.9909,1.0206,1.0024,0.9147,0.9986,0.9892,1.0964,1.1274,1.0169,pH out of range
359,B008,Line-3,B,396.0,34.14,3.65,4964.0,2.102,127.4,34.28,26.54,1.0,1.0191,0.9865,0.9025,1.001,1.0617,1.0388,0.9312,0.996,No defect
360,B008,Line-3,C,389.3,32.63,3.594,5732.0,2.054,138.0,32.7,24.87,0.9831,0.974,0.9714,1.0422,0.9781,1.15,0.9909,0.8726,1.0025,Underfill
361,B008,Line-1,A,402.5,33.15,3.589,5358.0,2.227,127.4,31.9,27.44,1.0164,0.9896,0.97,0.9742,1.0605,1.0617,0.9667,0.9628,1.0079,Overfill
362,B008,Line-1,B,405.3,33.68,3.58,5680.0,2.169,117.0,34.9,29.2,1.0235,1.0054,0.9676,1.0327,1.0329,0.975,1.0576,1.0246,1.0231,No defect
363,B008,Line-1,C,398.4,32.51,3.527,5357.0,2.091,125.5,35.38,28.62,1.0061,0.9704,0.9532,0.974,0.9957,1.0458,1.0721,1.0042,1.0147,Foreign particle
364,B008,Line-2,A,397.7,36.14,3.857,5476.0,2.036,143.7,34.51,30.72,1.0043,1.0788,1.0424,0.9956,0.9695,1.1975,1.0458,1.0779,1.0411,Colour deviation
365,B008,Line-2,B,396.6,34.73,3.857,5423.0,2.29,111.5,34.09,26.8,1.0015,1.0367,1.0424,0.986,1.0905,0.9292,1.033,0.9404,0.9971,No defect
366,B008,Line-2,C,394.0,34.15,3.803,5259.0,2.281,121.8,32.48,26.53,0.9949,1.0194,1.0278,0.9562,1.0862,1.015,0.9842,0.9309,0.995,No defect
367,B008,Line-3,A,392.6,34.92,3.655,5147.0,2.184,128.9,31.86,28.5,0.9914,1.0424,0.9878,0.9358,1.04,1.0742,0.9655,1.0,1.0077,pH out of range
368,B008,Line-3,B,394.5,31.87,3.693,5656.0,2.181,130.0,33.05,29.5,0.9962,0.9513,0.9981,1.0284,1.0386,1.0833,1.0015,1.0351,1.017,Colour deviation
369,B008,Line-3,C,391.7,33.49,3.763,5625.0,2.266,118.6,32.69,33.6,0.9891,0.9997,1.017,1.0227,1.079,0.9883,0.9906,1.1789,1.0289,No defect
370,B008,Line-1,A,405.1,32.78,3.56,5134.0,2.165,121.0,34.93,29.39,1.023,0.9785,0.9622,0.9335,1.031,1.0083,1.0585,1.0312,1.0129,No defect
371,B008,Line-1,B,399.0,34.52,3.656,5768.0,2.02,117.6,33.15,27.89,1.0076,1.0304,0.9881,1.0487,0.9619,0.98,1.0045,0.9786,1.003,No defect
372,B008,Line-1,C,393.1,36.18,3.654,5788.0,2.117,118.9,34.82,27.63,0.9927,1.08,0.9876,1.0524,1.0081,0.9908,1.0552,0.9695,1.0202,Overfill
373,B008,Line-2,A,396.0,33.71,3.843,5383.0,2.321,106.6,33.9,32.57,1.0,1.0063,1.0386,0.9787,1.1052,0.8883,1.0273,1.1428,1.0139,Overfill
374,B008,Line-2,B,398.6,34.3,3.684,6121.0,2.105,105.4,28.99,30.35,1.0066,1.0239,0.9957,1.1129,1.0024,0.8783,0.8785,1.0649,0.9965,No defect
375,B008,Line-2,C,395.7,32.7,3.852,4984.0,2.096,128.4,31.24,29.48,0.9992,0.9761,1.0411,0.9062,0.9981,1.07,0.9467,1.0344,0.9864,Overfill
376,B008,Line-3,A,399.3,31.32,3.833,5599.0,2.072,115.9,34.48,28.85,1.0083,0.9349,1.0359,1.018,0.9867,0.9658,1.0448,1.0123,0.992,Underfill
377,B008,Line-3,B,399.4,32.8,3.493,5499.0,2.106,122.5,32.88,27.73,1.0086,0.9791,0.9441,0.9998,1.0029,1.0208,0.9964,0.973,1.005,Viscosity out of spec
378,B008,Line-3,C,390.9,31.58,3.689,5044.0,2.027,125.7,28.78,28.66,0.9871,0.9427,0.997,0.9171,0.9652,1.0475,0.8721,1.0056,0.9675,No defect
379,B008,Line-1,A,404.2,32.01,3.736,5723.0,2.153,97.4,34.47,30.8,1.0207,0.9555,1.0097,1.0405,1.0252,0.8117,1.0445,1.0807,0.9961,No defect
380,B008,Line-1,B,402.9,33.54,3.521,6035.0,2.09,136.2,34.19,28.2,1.0174,1.0012,0.9516,1.0973,0.9952,1.135,1.0361,0.9895,1.0403,No defect
381,B008,Line-1,C,386.9,34.22,3.565,5815.0,2.223,101.4,34.38,27.58,0.977,1.0215,0.9635,1.0573,1.0586,0.845,1.0418,0.9677,1.0008,Cap seal failure
382,B008,Line-2,A,386.8,34.79,3.805,5615.0,2.267,107.4,33.72,29.59,0.9768,1.0385,1.0284,1.0209,1.0795,0.895,1.0218,1.0382,1.0054,Overfill
383,B008,Line-2,B,387.8,33.35,3.483,5521.0,2.291,115.5,35.83,31.61,0.9793,0.9955,0.9414,1.0038,1.091,0.9625,1.0858,1.1091,1.0362,Overfill
384,B008,Line-2,C,402.1,34.59,3.895,5862.0,2.063,119.8,38.27,29.74,1.0154,1.0325,1.0527,1.0658,0.9824,0.9983,1.1597,1.0435,1.0309,Colour deviation
385,B008,Line-3,A,402.4,35.33,3.609,5278.0,2.122,133.5,36.59,26.2,1.0162,1.0546,0.9754,0.9596,1.0105,1.1125,1.1088,0.9193,1.0258,No defect
386,B008,Line-3,B,397.4,31.51,3.533,6092.0,1.887,112.0,33.72,29.26,1.0035,0.9406,0.9549,1.1076,0.8986,0.9333,1.0218,1.0267,0.9974,No defect
387,B008,Line-3,C,391.6,32.87,3.754,5773.0,2.018,118.5,36.77,27.27,0.9889,0.9812,1.0146,1.0496,0.961,0.9875,1.1142,0.9568,1.0031,No defect
388,B008,Line-1,A,398.4,33.43,3.81,5409.0,1.88,90.4,30.1,26.3,1.0061,0.9979,1.0297,0.9835,0.8952,0.7533,0.9121,0.9228,0.9303,Overfill
389,B008,Line-1,B,394.5,33.97,3.841,5593.0,2.402,118.3,31.59,29.85,0.9962,1.014,1.0381,1.0169,1.1438,0.9858,0.9573,1.0474,1.0156,Underfill
390,B008,Line-1,C,387.8,33.09,3.848,5414.0,2.154,132.2,32.29,29.35,0.9793,0.9878,1.04,0.9844,1.0257,1.1017,0.9785,1.0298,1.0061,No defect
391,B008,Line-2,A,404.7,35.9,3.698,4648.0,2.044,123.9,33.71,30.08,1.022,1.0716,0.9995,0.8451,0.9733,1.0325,1.0215,1.0554,1.0027,Cap seal failure
392,B008,Line-2,B,396.6,32.65,3.729,5579.0,2.057,131.9,30.06,29.08,1.0015,0.9746,1.0078,1.0144,0.9795,1.0992,0.9109,1.0204,0.9991,Cap seal failure
393,B008,Line-2,C,399.4,33.6,3.748,5798.0,2.099,122.3,34.62,26.53,1.0086,1.003,1.013,1.0542,0.9995,1.0192,1.0491,0.9309,1.0065,Overfill
394,B008,Line-3,A,386.8,33.99,3.706,5358.0,2.124,101.8,31.89,27.21,0.9768,1.0146,1.0016,0.9742,1.0114,0.8483,0.9664,0.9547,0.9681,Colour deviation
395,B008,Line-3,B,389.4,33.22,3.839,5034.0,2.038,135.5,36.02,27.75,0.9833,0.9916,1.0376,0.9153,0.9705,1.1292,1.0915,0.9737,1.0024,Overfill
396,B008,Line-3,C,394.0,32.99,3.824,5338.0,1.934,120.3,31.01,27.97,0.9949,0.9848,1.0335,0.9705,0.921,1.0025,0.9397,0.9814,0.9703,No defect
397,B008,Line-1,A,378.4,33.8,3.709,5589.0,2.076,113.5,34.39,29.28,0.9556,1.009,1.0024,1.0162,0.9886,0.9458,1.0421,1.0274,0.9978,No defect
398,B008,Line-1,B,398.9,33.55,3.703,5437.0,2.203,100.2,30.54,29.69,1.0073,1.0015,1.0008,0.9885,1.049,0.835,0.9255,1.0418,0.981,Colour deviation
399,B008,Line-1,C,400.1,34.14,3.885,5535.0,2.026,123.6,34.78,28.94,1.0104,1.0191,1.05,1.0064,0.9648,1.03,1.0539,1.0154,1.0065,Underfill
400,B008,Line-2,A,401.1,33.74,3.713,5657.0,2.239,109.7,29.63,26.5,1.0129,1.0072,1.0035,1.0285,1.0662,0.9142,0.8979,0.9298,0.9817,Viscosity out of spec
401,B009,Line-2,B,400.9,34.55,3.677,6207.0,2.074,118.2,33.28,26.5,1.0124,1.0313,0.9938,1.1285,0.9876,0.985,1.0085,0.9298,1.0112,No defect
402,B009,Line-2,C,401.5,33.98,3.752,5705.0,1.832,107.6,34.29,24.1,1.0139,1.0143,1.0141,1.0373,0.8724,0.8967,1.0391,0.8456,0.9632,Overfill
403,B009,Line-3,A,391.2,33.68,3.68,6146.0,2.184,90.8,33.08,28.0,0.9879,1.0054,0.9946,1.1175,1.04,0.7567,1.0024,0.9825,0.9872,No defect
404,B009,Line-3,B,392.4,33.52,3.68,5458.0,2.196,122.5,30.89,29.9,0.9909,1.0006,0.9946,0.9924,1.0457,1.0208,0.9361,1.0491,1.0051,No defect
405,B009,Line-3,C,401.4,32.66,3.754,5388.0,2.152,116.7,35.05,30.4,1.0136,0.9749,1.0146,0.9796,1.0248,0.9725,1.0621,1.0667,1.01,Viscosity out of spec
406,B009,Line-1,A,399.1,34.94,3.676,5725.0,2.186,129.3,32.11,27.04,1.0078,1.043,0.9935,1.0409,1.041,1.0775,0.973,0.9488,1.0173,Colour deviation
407,B009,Line-1,B,396.9,33.75,3.785,5819.0,2.321,102.3,35.05,25.72,1.0023,1.0075,1.023,1.058,1.1052,0.8525,1.0621,0.9025,0.996,Colour deviation
408,B009,Line-1,C,403.7,34.72,3.62,6033.0,2.259,135.0,32.06,28.95,1.0194,1.0364,0.9784,1.0969,1.0757,1.125,0.9715,1.0158,1.0453,Colour deviation
409,B009,Line-2,A,393.6,34.16,3.605,5201.0,2.018,112.9,28.27,31.02,0.9939,1.0197,0.9743,0.9456,0.961,0.9408,0.8567,1.0884,0.9791,No defect
410,B009,Line-2,B,397.2,33.61,3.7,5471.0,2.222,118.8,31.92,28.38,1.003,1.0033,1.0,0.9947,1.0581,0.99,0.9673,0.9958,1.0015,Label misalignment
411,B009,Line-2,C,391.5,33.18,3.598,5177.0,2.263,107.3,33.2,28.13,0.9886,0.9904,0.9724,0.9413,1.0776,0.8942,1.0061,0.987,0.9892,No defect
412,B009,Line-3,A,392.7,34.45,3.655,5818.0,1.941,103.3,34.17,29.75,0.9917,1.0284,0.9878,1.0578,0.9243,0.8608,1.0355,1.0439,0.9943,Colour deviation
413,B009,Line-3,B,393.6,33.5,3.806,5251.0,2.172,124.5,29.99,30.56,0.9939,1.0,1.0286,0.9547,1.0343,1.0375,0.9088,1.0723,0.9967,Colour deviation
414,B009,Line-3,C,396.3,32.24,3.711,5150.0,1.653,124.1,33.08,26.46,1.0008,0.9624,1.003,0.9364,0.7871,1.0342,1.0024,0.9284,0.9561,Viscosity out of spec
415,B009,Line-1,A,389.9,31.95,3.663,4756.0,2.255,136.5,33.29,27.34,0.9846,0.9537,0.99,0.8647,1.0738,1.1375,1.0088,0.9593,0.9991,Label misalignment
416,B009,Line-1,B,396.2,31.26,3.657,5941.0,2.191,116.9,35.21,26.25,1.0005,0.9331,0.9884,1.0802,1.0433,0.9742,1.067,0.9211,1.0039,Colour deviation
417,B009,Line-1,C,393.8,34.29,3.405,5596.0,2.035,111.0,33.96,29.65,0.9944,1.0236,0.9203,1.0175,0.969,0.925,1.0291,1.0404,1.0107,Label misalignment
418,B009,Line-2,A,406.1,32.46,3.717,6292.0,2.169,111.8,34.81,25.64,1.0255,0.969,1.0046,1.144,1.0329,0.9317,1.0548,0.8996,1.0066,pH out of range
419,B009,Line-2,B,399.4,34.95,3.607,5901.0,2.131,117.6,33.78,30.36,1.0086,1.0433,0.9749,1.0729,1.0148,0.98,1.0236,1.0653,1.0293,No defect
420,B009,Line-2,C,397.1,31.79,3.638,5095.0,1.992,116.3,33.59,25.69,1.0028,0.949,0.9832,0.9264,0.9486,0.9692,1.0179,0.9014,0.9665,No defect
421,B009,Line-3,A,391.6,34.44,3.617,5925.0,1.866,127.4,32.9,26.9,0.9889,1.0281,0.9776,1.0773,0.8886,1.0617,0.997,0.9439,1.0011,No defect
422,B009,Line-3,B,399.5,31.11,3.632,4914.0,2.218,119.2,31.49,26.78,1.0088,0.9287,0.9816,0.8935,1.0562,0.9933,0.9542,0.9396,0.9741,No defect
423,B009,Line-3,C,404.0,32.88,3.679,5944.0,2.303,130.5,28.29,29.3,1.0202,0.9815,0.9943,1.0807,1.0967,1.0875,0.8573,1.0281,1.0197,No defect
424,B009,Line-1,A,395.7,32.64,3.564,6033.0,2.027,125.3,31.98,29.53,0.9992,0.9743,0.9632,1.0969,0.9652,1.0442,0.9691,1.0361,1.0154,Label misalignment
425,B009,Line-1,B,395.7,33.35,3.523,5949.0,2.188,120.2,33.29,25.42,0.9992,0.9955,0.9522,1.0816,1.0419,1.0017,1.0088,0.8919,1.0088,Colour deviation
426,B009,Line-1,C,388.9,33.55,3.758,5321.0,2.196,126.6,29.07,29.87,0.9821,1.0015,1.0157,0.9675,1.0457,1.055,0.8809,1.0481,0.9957,Brix out of range
427,B009,Line-2,A,402.4,31.12,3.494,4576.0,2.17,121.5,34.4,29.34,1.0162,0.929,0.9443,0.832,1.0333,1.0125,1.0424,1.0295,0.9942,Cap seal failure
428,B009,Line-2,B,393.2,31.58,3.729,5361.0,1.972,106.0,31.03,30.65,0.9929,0.9427,1.0078,0.9747,0.939,0.8833,0.9403,1.0754,0.9676,Viscosity out of spec
429,B009,Line-2,C,398.2,33.13,3.722,5257.0,2.173,129.7,29.91,29.39,1.0056,0.989,1.0059,0.9558,1.0348,1.0808,0.9064,1.0312,0.9997,Cap seal failure
430,B009,Line-3,A,399.2,33.4,4.034,6008.0,2.027,125.1,35.55,28.68,1.0081,0.997,1.0903,1.0924,0.9652,1.0425,1.0773,1.0063,1.0132,Colour deviation
431,B009,Line-3,B,400.5,35.01,3.646,5320.0,1.988,137.4,32.45,30.1,1.0114,1.0451,0.9854,0.9673,0.9467,1.145,0.9833,1.0561,1.0212,Colour deviation
432,B009,Line-3,C,393.9,35.25,3.499,5251.0,2.214,110.1,29.38,29.63,0.9947,1.0522,0.9457,0.9547,1.0543,0.9175,0.8903,1.0396,0.9951,Viscosity out of spec
433,B009,Line-1,A,392.1,33.03,3.543,5693.0,2.239,108.7,33.26,29.18,0.9902,0.986,0.9576,1.0351,1.0662,0.9058,1.0079,1.0239,1.0074,Cap seal failure
434,B009,Line-1,B,404.1,35.11,3.587,4933.0,1.847,132.3,31.48,28.79,1.0205,1.0481,0.9695,0.8969,0.8795,1.1025,0.9539,1.0102,0.9929,No defect
435,B009,Line-1,C,384.4,34.34,3.437,5501.0,2.079,126.5,32.76,27.6,0.9707,1.0251,0.9289,1.0002,0.99,1.0542,0.9927,0.9684,1.0097,No defect
436,B009,Line-2,A,392.5,35.12,3.495,5753.0,2.033,120.6,31.21,28.82,0.9912,1.0484,0.9446,1.046,0.9681,1.005,0.9458,1.0112,1.0093,No defect
437,B009,Line-2,B,389.2,33.77,3.768,5091.0,1.827,115.0,36.15,30.76,0.9828,1.0081,1.0184,0.9256,0.87,0.9583,1.0955,1.0793,0.9877,Label misalignment
438,B009,Line-2,C,392.1,35.71,3.939,5203.0,2.165,116.3,36.05,26.21,0.9902,1.066,1.0646,0.946,1.031,0.9692,1.0924,0.9196,0.9942,Underfill
439,B009,Line-3,A,394.0,32.65,3.503,5867.0,2.27,130.1,27.58,25.63,0.9949,0.9746,0.9468,1.0667,1.081,1.0842,0.8358,0.8993,0.9991,Colour deviation
440,B009,Line-3,B,397.1,32.35,3.781,5904.0,2.22,131.1,30.42,28.61,1.0028,0.9657,1.0219,1.0735,1.0571,1.0925,0.9218,1.0039,1.012,pH out of range
441,B009,Line-3,C,396.6,34.21,3.568,6233.0,2.025,112.5,32.21,28.86,1.0015,1.0212,0.9643,1.1333,0.9643,0.9375,0.9761,1.0126,1.0104,Brix out of range
442,B009,Line-1,A,385.8,33.96,3.703,4722.0,2.144,123.9,33.51,33.27,0.9742,1.0137,1.0008,0.8585,1.021,1.0325,1.0155,1.1674,1.0103,Viscosity out of spec
443,B009,Line-1,B,402.6,34.34,3.745,5801.0,2.026,105.3,32.56,29.83,1.0167,1.0251,1.0122,1.0547,0.9648,0.8775,0.9867,1.0467,0.995,No defect
444,B009,Line-1,C,395.8,33.75,3.537,6063.0,2.225,123.2,33.73,26.51,0.9995,1.0075,0.9559,1.1024,1.0595,1.0267,1.0221,0.9302,1.0243,Colour deviation
445,B009,Line-2,A,396.0,33.44,3.757,5012.0,2.008,96.4,34.31,28.35,1.0,0.9982,1.0154,0.9113,0.9562,0.8033,1.0397,0.9947,0.961,Colour deviation
446,B009,Line-2,B,391.0,33.58,3.825,5458.0,2.112,120.6,29.13,27.97,0.9874,1.0024,1.0338,0.9924,1.0057,1.005,0.8827,0.9814,0.978,No defect
447,B009,Line-2,C,393.8,32.99,3.748,5248.0,2.09,135.2,34.2,32.09,0.9944,0.9848,1.013,0.9542,0.9952,1.1267,1.0364,1.126,1.0256,Foreign particle
448,B009,Line-3,A,392.8,31.6,3.436,5814.0,1.998,130.6,33.47,26.13,0.9919,0.9433,0.9286,1.0571,0.9514,1.0883,1.0142,0.9168,1.005,No defect
449,B009,Line-3,B,396.2,31.29,3.627,5134.0,2.113,124.4,36.77,30.0,1.0005,0.934,0.9803,0.9335,1.0062,1.0367,1.1142,1.0526,1.0122,Cap seal failure
450,B009,Line-3,C,391.7,33.58,3.885,5816.0,2.03,103.9,34.78,26.87,0.9891,1.0024,1.05,1.0575,0.9667,0.8658,1.0539,0.9428,0.9788,Underfill
451,B010,Line-1,A,405.8,33.3,3.747,5069.0,2.141,125.3,30.99,28.27,1.0247,0.994,1.0127,0.9216,1.0195,1.0442,0.9391,0.9919,0.9903,Foreign particle
452,B010,Line-1,B,391.8,33.59,3.862,5698.0,1.624,131.1,33.95,26.61,0.9894,1.0027,1.0438,1.036,0.7733,1.0925,1.0288,0.9337,0.9768,Colour deviation
453,B010,Line-1,C,399.6,34.35,3.615,5549.0,1.919,137.1,32.58,30.3,1.0091,1.0254,0.977,1.0089,0.9138,1.1425,0.9873,1.0632,1.0217,No defect
454,B010,Line-2,A,397.2,32.45,3.673,5243.0,1.858,125.4,31.27,30.84,1.003,0.9687,0.9927,0.9533,0.8848,1.045,0.9476,1.0821,0.9865,Colour deviation
455,B010,Line-2,B,390.7,34.85,3.739,5219.0,1.946,109.7,33.46,28.31,0.9866,1.0403,1.0105,0.9489,0.9267,0.9142,1.0139,0.9933,0.9767,No defect
456,B010,Line-2,C,395.8,34.42,3.745,5292.0,2.022,136.1,37.33,30.05,0.9995,1.0275,1.0122,0.9622,0.9629,1.1342,1.1312,1.0544,1.0325,Overfill
457,B010,Line-3,A,388.7,32.15,3.488,5364.0,2.019,120.2,29.46,30.47,0.9816,0.9597,0.9427,0.9753,0.9614,1.0017,0.8927,1.0691,0.9878,Underfill
458,B010,Line-3,B,399.3,35.5,3.823,4714.0,1.825,122.8,31.7,26.31,1.0083,1.0597,1.0332,0.8571,0.869,1.0233,0.9606,0.9232,0.9586,pH out of range
459,B010,Line-3,C,399.9,34.03,3.578,5074.0,2.11,116.0,30.45,29.75,1.0098,1.0158,0.967,0.9225,1.0048,0.9667,0.9227,1.0439,0.99,Cap seal failure
460,B010,Line-1,A,391.6,31.83,3.507,5491.0,1.939,108.8,30.83,29.45,0.9889,0.9501,0.9478,0.9984,0.9233,0.9067,0.9342,1.0333,0.9737,Brix out of range
461,B010,Line-1,B,395.8,33.68,3.762,5552.0,2.233,123.5,33.3,29.29,0.9995,1.0054,1.0168,1.0095,1.0633,1.0292,1.0091,1.0277,1.0159,pH out of range
462,B010,Line-1,C,394.3,35.88,3.708,5525.0,2.327,123.4,31.17,29.99,0.9957,1.071,1.0022,1.0045,1.1081,1.0283,0.9445,1.0523,1.0253,No defect
463,B010,Line-2,A,400.6,30.84,3.736,5531.0,2.315,114.0,33.37,28.79,1.0116,0.9206,1.0097,1.0056,1.1024,0.95,1.0112,1.0102,1.0002,Colour deviation
464,B010,Line-2,B,399.2,33.17,3.648,5552.0,2.108,126.1,31.57,31.21,1.0081,0.9901,0.9859,1.0095,1.0038,1.0508,0.9567,1.0951,1.0161,pH out of range
465,B010,Line-2,C,396.0,33.13,3.664,6050.0,2.019,109.3,33.91,29.65,1.0,0.989,0.9903,1.1,0.9614,0.9108,1.0276,1.0404,1.0049,Overfill
466,B010,Line-3,A,396.8,33.65,3.846,5438.0,1.939,107.5,31.4,24.63,1.002,1.0045,1.0395,0.9887,0.9233,0.8958,0.9515,0.8642,0.949,No defect
467,B010,Line-3,B,402.1,31.88,3.674,5665.0,2.279,131.7,34.26,26.84,1.0154,0.9516,0.993,1.03,1.0852,1.0975,1.0382,0.9418,1.0208,Colour deviation
468,B010,Line-3,C,382.1,35.28,3.698,5887.0,2.175,125.3,35.16,29.64,0.9649,1.0531,0.9995,1.0704,1.0357,1.0442,1.0655,1.04,1.0343,pH out of range
469,B010,Line-1,A,394.8,32.97,3.665,5238.0,2.178,121.5,33.62,27.55,0.997,0.9842,0.9905,0.9524,1.0371,1.0125,1.0188,0.9667,0.9973,Overfill
470,B010,Line-1,B,396.0,31.32,3.654,4249.0,2.008,121.8,36.27,26.54,1.0,0.9349,0.9876,0.7725,0.9562,1.015,1.0991,0.9312,0.9652,No defect
471,B010,Line-1,C,396.6,33.27,3.716,5611.0,2.107,114.7,32.28,28.73,1.0015,0.9931,1.0043,1.0202,1.0033,0.9558,0.9782,1.0081,0.9945,Underfill
472,B010,Line-2,A,389.1,35.75,3.61,5361.0,1.964,129.4,34.4,25.48,0.9826,1.0672,0.9757,0.9747,0.9352,1.0783,1.0424,0.894,0.9999,No defect
473,B010,Line-2,B,391.2,32.05,3.763,5587.0,1.862,115.6,30.89,30.38,0.9879,0.9567,1.017,1.0158,0.8867,0.9633,0.9361,1.066,0.9745,No defect
474,B010,Line-2,C,394.1,32.98,3.889,5576.0,1.976,126.4,31.39,26.15,0.9952,0.9845,1.0511,1.0138,0.941,1.0533,0.9512,0.9175,0.976,Underfill
475,B010,Line-3,A,398.2,33.68,3.568,4947.0,2.052,154.2,33.67,28.8,1.0056,1.0054,0.9643,0.8995,0.9771,1.285,1.0203,1.0105,1.0301,No defect
476,B010,Line-3,B,356.1,25.21,3.293,5337.0,2.178,115.3,34.22,14.32,0.8992,0.7525,0.89,0.9704,1.0371,0.9608,1.037,0.5025,0.9104,Foreign particle
477,B010,Line-3,C,294.8,25.07,4.611,14340.0,2.065,66.7,18,25.52,0.7444,0.7484,1.2462,2.6073,0.9833,0.5558,0.5455,0.8954,0.9853,Underfill
478,B010,Line-1,A,290.6,21.14,4.457,13335.0,2.559,71.7,20.69,19.62,0.7338,0.631,1.2046,2.4245,1.2186,0.5975,0.627,0.6884,0.9689,Underfill
479,B010,Line-1,B,328.6,24.86,5.164,13843.0,2.581,97.8,28.77,21.37,0.8298,0.7421,1.3957,2.5169,1.229,0.815,0.8718,0.7498,1.0589,No defect
480,B010,Line-1,C,302.4,27.57,3.636,9617.0,2.207,105.6,33.25,23.54,0.7636,0.823,0.9827,1.7485,1.051,0.88,1.0076,0.826,1.0147,Cap seal failure
481,B010,Line-2,A,341.3,25.37,4.583,8315.0,3.609,78.3,31.57,23.57,0.8619,0.7573,1.2386,1.5118,1.7186,0.6525,0.9567,0.827,1.0116,Colour deviation
482,B010,Line-2,B,306.1,30.0,5.018,11486.0,3.613,63.7,36.24,24.57,0.773,0.8955,1.3562,2.0884,1.7205,0.5308,1.0982,0.8621,1.0882,Underfill
483,B010,Line-2,C,337.4,24.68,4.649,2660.0,1.005,96.6,34.77,29.47,0.852,0.7367,1.2565,0.4836,0.4786,0.805,1.0536,1.034,0.7799,Underfill
484,B010,Line-3,A,325.7,31.04,4.619,7208.0,2.613,88.4,20.22,16.95,0.8225,0.9266,1.2484,1.3105,1.2443,0.7367,0.6127,0.5947,0.8811,Label misalignment
485,B010,Line-3,B,324.3,18,5.5,8958.0,4.291,75.2,18,11.62,0.8189,0.5373,1.4865,1.6287,2.0433,0.6267,0.5455,0.4077,0.9101,No defect
486,B010,Line-3,C,398.9,21.23,4.79,7919.0,1.966,84.3,33.3,10.85,1.0073,0.6337,1.2946,1.4398,0.9362,0.7025,1.0091,0.3807,0.8602,Colour deviation
487,B010,Line-1,A,318.5,19.61,4.0,14043.0,3.591,97.8,19.51,36.67,0.8043,0.5854,1.0811,2.5533,1.71,0.815,0.5912,1.2867,1.1589,No defect
488,B010,Line-1,B,339.6,30.46,3.39,9935.0,2.581,47.1,33.49,31.03,0.8576,0.9093,0.9162,1.8064,1.229,0.3925,1.0148,1.0888,1.0487,Underfill
489,B010,Line-1,C,284.2,25.01,5.5,6494.0,2.804,79.1,33.71,32.14,0.7177,0.7466,1.4865,1.1807,1.3352,0.6592,1.0215,1.1277,0.9327,Cap seal failure
490,B010,Line-2,A,339.4,19.48,5.071,7733.0,2.531,114.3,28.23,25.43,0.8571,0.5815,1.3705,1.406,1.2052,0.9525,0.8555,0.8923,0.935,Colour deviation
491,B010,Line-2,B,301.1,20.74,5.008,3639.0,3.324,104.5,29.35,19.6,0.7604,0.6191,1.3535,0.6616,1.5829,0.8708,0.8894,0.6877,0.8513,Brix out of range
492,B010,Line-2,C,335.3,19.83,4.368,7035.0,1.439,148.7,34.28,12.93,0.8467,0.5919,1.1805,1.2791,0.6852,1.2392,1.0388,0.4537,0.8727,Colour deviation
493,B010,Line-3,A,355.9,24.14,4.158,7699.0,2.182,65.9,19.4,23.54,0.8987,0.7206,1.1238,1.3998,1.039,0.5492,0.5879,0.826,0.8639,No defect
494,B010,Line-3,B,359.7,29.88,4.512,8079.0,2.673,110.6,24.38,17.45,0.9083,0.8919,1.2195,1.4689,1.2729,0.9217,0.7388,0.6123,0.9544,No defect
495,B010,Line-3,C,285.6,24.48,4.807,8047.0,4.5,40,30.74,25.78,0.7212,0.7307,1.2992,1.4631,2.1429,0.3333,0.9315,0.9046,0.9996,Colour deviation
496,B010,Line-1,A,292.7,35.11,5.41,10109.0,3.26,47.5,35.28,13.67,0.7391,1.0481,1.4622,1.838,1.5524,0.3958,1.0691,0.4796,0.9758,Viscosity out of spec
497,B010,Line-1,B,333.8,26.99,5.5,7931.0,3.227,122.0,23.74,16.41,0.8429,0.8057,1.4865,1.442,1.5367,1.0167,0.7194,0.5758,0.9515,No defect
498,B010,Line-1,C,374.1,22.66,3.684,5685.0,2.576,97.2,24.88,26.52,0.9447,0.6764,0.9957,1.0336,1.2267,0.81,0.7539,0.9305,0.9225,No defect
499,B010,Line-2,A,316.4,20.79,4.203,7801.0,3.559,74.5,27.94,22.72,0.799,0.6206,1.1359,1.4184,1.6948,0.6208,0.8467,0.7972,0.9597,Colour deviation
500,B010,Line-2,B,358.9,21.47,3.838,8202.0,4.302,95.2,35.59,22.74,0.9063,0.6409,1.0373,1.4913,2.0486,0.7933,1.0785,0.7979,1.0901,No defect
